student_id,name,major,archetype,avg_it1,avg_it2,it1_it2_delta,att_month1,att_month2,risk_after_it1,risk_after_it2,true_risk,prob_high_it1,prob_high_it2,shift_label
STU0001,Sneha Reddy,Electronics,Comeback,32.0,35.8,3.8,52.6,53.5,High,High,High,0.81,0.926,= Unchanged
STU0002,Neha Shah,Mathematics,Consistent,59.9,56.5,-3.4,44.0,56.0,Medium,Medium,Medium,0.24,0.14,= Unchanged
STU0003,Sneha Verma,Mechanical,Early Bird,66.8,57.4,-9.4,63.5,53.7,Medium,Medium,Medium,0.186,0.334,= Unchanged
STU0004,Tariq Reddy,Data Science,Struggle,46.0,44.5,-1.5,53.5,70.9,High,High,High,0.915,0.931,= Unchanged
STU0005,Suresh Davis,Mathematics,Consistent,92.5,93.8,1.4,69.7,77.5,Low,Low,Low,0.0,0.0,= Unchanged
STU0006,Zara Ansari,Mechanical,Comeback,17.5,25.4,7.9,54.4,38.9,High,High,High,0.959,0.994,= Unchanged
STU0007,Vihaan Shah,Computer Science,Early Bird,59.2,60.3,1.1,53.4,52.1,Medium,Medium,Medium,0.15,0.143,= Unchanged
STU0008,Fatima Johnson,Computer Science,,72.9,73.1,0.2,75.0,70.9,Medium,Medium,High,0.055,0.041,= Unchanged
STU0009,Aditya Shah,Data Science,Late Bloomer,27.6,38.7,11.1,44.1,55.1,High,High,High,0.992,0.971,= Unchanged
STU0010,Olivia Shah,Mechanical,Consistent,60.3,63.8,3.5,61.2,71.5,Medium,Medium,Medium,0.044,0.009,= Unchanged
STU0011,Isabella Sharma,Computer Science,Early Bird,77.7,74.0,-3.8,64.8,39.9,Low,Low,Low,0.001,0.001,= Unchanged
STU0012,Shreya Malik,Mathematics,Consistent,26.3,33.7,7.3,51.2,37.2,High,High,High,0.99,0.996,= Unchanged
STU0013,Aarav Smith,Civil,,65.6,71.5,6.0,56.0,52.1,Medium,Medium,Medium,0.066,0.021,= Unchanged
STU0014,Amir Davis,Mechanical,Consistent,57.5,56.3,-1.2,61.9,50.3,Medium,High,Medium,0.41,0.524,⬆ Worsened
STU0015,Ayaan Ansari,Data Science,Struggle,46.0,33.2,-12.8,80.9,88.1,High,High,High,0.931,0.982,= Unchanged
STU0016,Meera Joshi,Mechanical,Early Bird,53.7,50.5,-3.2,89.0,69.4,Medium,Medium,Medium,0.074,0.131,= Unchanged
STU0017,Ishaan Rao,Electronics,Late Bloomer,45.0,60.3,15.2,56.1,56.6,High,Medium,Medium,0.833,0.392,⬇ Improved
STU0018,Sophia Davis,Electronics,Consistent,42.0,44.8,2.8,18.4,20.4,High,High,High,0.952,0.967,= Unchanged
STU0019,Vijay Ali,Computer Science,Early Bird,57.4,52.0,-5.5,66.3,72.4,Medium,Medium,Medium,0.083,0.102,= Unchanged
STU0020,Riya Chaudhary,Electronics,Early Bird,48.2,53.7,5.5,46.3,47.8,Medium,Medium,Medium,0.332,0.211,= Unchanged
STU0021,Shreya Hassan,Data Science,Consistent,66.6,66.7,0.1,49.4,71.8,Medium,Medium,Medium,0.22,0.105,= Unchanged
STU0022,Olivia Moore,Computer Science,,32.6,38.2,5.7,56.2,67.4,Medium,Medium,Medium,0.379,0.176,= Unchanged
STU0023,Ananya Mirza,Data Science,Consistent,39.0,29.0,-10.0,48.6,28.9,High,High,High,0.817,0.951,= Unchanged
STU0024,Lakshmi Ali,Mathematics,Late Bloomer,31.4,46.8,15.4,45.7,14.0,High,High,High,0.971,0.963,= Unchanged
STU0025,Vivaan Patel,Data Science,Early Bird,35.4,33.4,-2.0,52.3,64.5,High,High,High,0.91,0.955,= Unchanged
STU0026,Kavya Rao,Electronics,Consistent,75.0,78.4,3.4,69.4,71.5,Low,Low,Low,0.002,0.0,= Unchanged
STU0027,Lakshmi Johnson,Mathematics,,24.5,21.4,-3.1,57.0,62.3,High,High,High,0.857,0.944,= Unchanged
STU0028,Nandini Davis,Electronics,Late Bloomer,49.7,48.5,-1.2,71.4,67.3,Medium,High,Medium,0.479,0.593,⬆ Worsened
STU0029,Aarav Brown,Data Science,Consistent,64.6,63.1,-1.5,56.6,59.3,Medium,Medium,Medium,0.105,0.086,= Unchanged
STU0030,Ava Jones,Electronics,Late Bloomer,48.4,61.0,12.6,39.9,50.9,High,Medium,Medium,0.596,0.209,⬇ Improved
STU0031,Ava Taylor,Electronics,Early Bird,44.7,45.5,0.8,67.9,41.7,High,High,High,0.674,0.776,= Unchanged
STU0032,Omar Patel,Electronics,Early Bird,70.0,71.6,1.5,61.6,44.1,Medium,Medium,Medium,0.013,0.008,= Unchanged
STU0033,Nandini Smith,Mechanical,Struggle,50.4,40.7,-9.8,51.9,55.9,High,High,High,0.775,0.887,= Unchanged
STU0034,Ananya Rao,Mathematics,Consistent,51.7,52.5,0.8,68.3,78.6,High,High,High,0.722,0.502,= Unchanged
STU0035,Omar Ahmed,Mathematics,Consistent,49.2,51.4,2.2,94.7,81.4,Medium,Medium,High,0.403,0.406,= Unchanged
STU0036,Kiran Williams,Mathematics,Comeback,27.6,29.5,1.9,48.2,70.7,High,High,High,0.965,0.983,= Unchanged
STU0037,Neha Shah,Data Science,Consistent,58.2,57.3,-0.9,52.4,47.2,High,High,Medium,0.62,0.683,= Unchanged
STU0038,Rahul Singh,Civil,Comeback,74.4,70.4,-4.0,95.2,72.7,Low,Low,Low,0.0,0.002,= Unchanged
STU0039,Neha Mirza,Data Science,Consistent,63.9,60.0,-3.8,45.3,44.4,Medium,Medium,Medium,0.076,0.052,= Unchanged
STU0040,Yusuf Reddy,Mathematics,Comeback,30.3,25.2,-5.1,62.4,62.3,High,High,High,0.992,0.999,= Unchanged
STU0041,Mia Brown,Computer Science,Late Bloomer,25.6,37.2,11.5,67.7,56.3,High,High,High,0.998,0.998,= Unchanged
STU0042,Ayaan Ansari,Electronics,Early Bird,32.1,31.1,-1.0,54.3,44.7,High,High,High,0.974,0.993,= Unchanged
STU0043,Amara Joshi,Electronics,Consistent,70.9,73.8,3.0,62.1,66.9,Low,Low,Low,0.002,0.0,= Unchanged
STU0044,Sneha Kumar,Civil,Consistent,34.5,31.3,-3.2,60.7,75.0,High,High,High,0.983,0.989,= Unchanged
STU0045,Pooja Gupta,Computer Science,Consistent,63.2,61.1,-2.1,64.8,59.0,Medium,Medium,Medium,0.223,0.31,= Unchanged
STU0046,Arjun Verma,Mechanical,Consistent,49.6,51.6,2.0,65.2,46.7,Medium,Medium,Medium,0.213,0.273,= Unchanged
STU0047,Krishna Verma,Data Science,Consistent,59.6,46.1,-13.5,55.0,62.0,Medium,High,Medium,0.447,0.734,⬆ Worsened
STU0048,Amara Mirza,Mechanical,Early Bird,70.8,65.3,-5.5,51.3,16.4,Medium,Medium,Medium,0.006,0.02,= Unchanged
STU0049,Ishaan Taylor,Computer Science,Early Bird,60.6,54.7,-5.9,50.1,63.9,Medium,Medium,Medium,0.02,0.019,= Unchanged
STU0050,Rahul Kumar,Civil,Comeback,14.3,14.9,0.6,33.4,15.3,High,High,High,0.999,1.0,= Unchanged
STU0051,Isabella Brown,Computer Science,Struggle,50.7,50.2,-0.5,38.7,40.7,Medium,Medium,High,0.292,0.307,= Unchanged
STU0052,Shreya Nair,Civil,Early Bird,58.4,43.7,-14.7,69.5,66.0,High,High,High,0.537,0.794,= Unchanged
STU0053,Aarav Chaudhary,Mechanical,Late Bloomer,38.3,46.0,7.8,58.9,32.5,High,High,High,0.912,0.886,= Unchanged
STU0054,Yusuf Brown,Mechanical,Early Bird,58.6,59.6,1.1,56.1,65.3,Medium,Medium,Medium,0.281,0.137,= Unchanged
STU0055,Sneha Verma,Computer Science,Late Bloomer,59.2,70.9,11.8,32.4,44.2,Medium,Medium,Medium,0.243,0.017,= Unchanged
STU0056,Krishna Khan,Computer Science,Comeback,36.2,30.3,-5.9,66.7,55.9,High,High,High,0.868,0.993,= Unchanged
STU0057,Olivia Davis,Electronics,Consistent,52.1,50.7,-1.4,37.2,14.0,Medium,High,Medium,0.498,0.706,⬆ Worsened
STU0058,Ananya Smith,Civil,Consistent,55.3,55.2,-0.1,67.7,35.5,Medium,Medium,Medium,0.291,0.267,= Unchanged
STU0059,Aditya Shah,Electronics,Struggle,44.8,43.0,-1.8,76.6,64.9,High,High,High,0.583,0.739,= Unchanged
STU0060,Rohan Rao,Data Science,Consistent,63.3,66.9,3.5,32.1,0.0,Medium,Medium,Medium,0.033,0.023,= Unchanged
STU0061,Noah Hassan,Data Science,,31.1,26.5,-4.6,51.7,63.2,High,High,Medium,0.771,0.772,= Unchanged
STU0062,Sai Patel,Computer Science,Comeback,75.5,74.3,-1.2,73.0,65.0,Low,Low,Low,0.001,0.0,= Unchanged
STU0063,Anjali Williams,Mechanical,Consistent,51.4,49.4,-2.0,79.8,57.9,Medium,Medium,High,0.245,0.332,= Unchanged
STU0064,Charlotte Sharma,Data Science,Consistent,43.8,46.6,2.8,44.9,68.4,High,Medium,High,0.536,0.29,⬇ Improved
STU0065,Vihaan Miller,Data Science,Early Bird,49.7,49.4,-0.3,39.1,18.6,High,High,High,0.53,0.71,= Unchanged
STU0066,Vihaan Moore,Electronics,Early Bird,80.6,81.8,1.1,45.8,26.5,Low,Low,Low,0.0,0.0,= Unchanged
STU0067,Sophia Taylor,Electronics,Consistent,37.1,37.4,0.4,47.5,70.4,High,High,High,0.928,0.903,= Unchanged
STU0068,Riya Nair,Data Science,Struggle,29.9,29.4,-0.5,62.3,79.1,High,High,High,0.95,0.988,= Unchanged
STU0069,Neha Ahmed,Computer Science,Early Bird,91.2,80.9,-10.2,76.1,70.1,Low,Low,Low,0.0,0.0,= Unchanged
STU0070,Lakshmi Chaudhary,Electronics,Consistent,63.6,64.4,0.8,71.4,44.0,Medium,Medium,Medium,0.017,0.012,= Unchanged
STU0071,Tanvi Sharma,Data Science,Consistent,47.2,55.5,8.3,44.9,43.0,High,High,High,0.876,0.864,= Unchanged
STU0072,Pooja Patel,Mechanical,Struggle,48.8,38.5,-10.3,54.3,53.5,High,High,High,0.919,0.979,= Unchanged
STU0073,Noor Mirza,Electronics,Consistent,58.7,49.0,-9.7,55.9,71.9,Medium,Medium,Medium,0.487,0.441,= Unchanged
STU0074,Sophia Miller,Data Science,Comeback,48.2,54.1,5.9,55.6,63.2,Medium,Medium,Medium,0.047,0.041,= Unchanged
STU0075,Kiran Siddiqui,Civil,Late Bloomer,37.4,54.5,17.1,61.2,72.2,High,High,Medium,0.967,0.665,= Unchanged
STU0076,Arjun Patel,Electronics,Early Bird,53.6,49.7,-3.9,36.6,63.1,Medium,Medium,High,0.146,0.062,= Unchanged
STU0077,Mia Singh,Civil,,39.0,45.6,6.6,78.4,69.1,Medium,Medium,Medium,0.049,0.015,= Unchanged
STU0078,Kavya Taylor,Electronics,,33.1,34.5,1.3,60.3,71.1,High,High,Medium,0.545,0.523,= Unchanged
STU0079,Aryan Brown,Electronics,Late Bloomer,32.6,31.2,-1.4,42.2,44.8,High,High,High,0.998,0.999,= Unchanged
STU0080,Aditya Ahmed,Mathematics,Consistent,28.6,28.5,-0.1,30.3,48.7,High,High,High,0.997,0.999,= Unchanged
STU0081,Reyansh Jones,Mathematics,Struggle,45.1,45.3,0.3,55.6,57.4,High,High,High,0.804,0.892,= Unchanged
STU0082,Aditya Shah,Civil,Late Bloomer,64.8,72.7,7.9,77.2,73.6,Medium,Medium,Medium,0.033,0.005,= Unchanged
STU0083,Anjali Ansari,Computer Science,Consistent,40.4,37.5,-2.9,70.2,78.9,High,High,High,0.851,0.96,= Unchanged
STU0084,Anjali Rao,Data Science,,9.9,11.2,1.3,52.4,39.8,High,High,High,0.995,0.999,= Unchanged
STU0085,Liam Williams,Computer Science,Consistent,59.3,65.3,6.0,64.4,58.3,Medium,Medium,Medium,0.047,0.02,= Unchanged
STU0086,Mia Nair,Computer Science,Consistent,59.5,54.9,-4.7,60.8,75.0,Medium,Medium,Medium,0.188,0.133,= Unchanged
STU0087,Sophia Mirza,Mathematics,Consistent,48.4,46.5,-1.9,70.1,78.2,Medium,Medium,High,0.318,0.242,= Unchanged
STU0088,Charlotte Hassan,Data Science,Early Bird,67.1,73.4,6.2,70.6,68.8,Medium,Low,Medium,0.008,0.001,⬇ Improved
STU0089,Vihaan Mirza,Mathematics,Struggle,40.5,45.8,5.3,57.1,53.3,High,High,High,0.901,0.929,= Unchanged
STU0090,Vijay Hassan,Mathematics,Consistent,54.9,54.0,-0.9,48.8,59.1,Medium,Medium,Medium,0.411,0.3,= Unchanged
STU0091,Hassan Patel,Mathematics,Consistent,59.7,57.0,-2.7,68.0,67.5,Medium,Medium,Medium,0.369,0.34,= Unchanged
STU0092,Divya Sharma,Mechanical,Late Bloomer,35.2,50.9,15.8,57.5,31.9,High,High,High,0.925,0.885,= Unchanged
STU0093,Mia Wilson,Computer Science,Struggle,34.4,35.5,1.1,63.1,43.4,High,High,High,0.951,0.986,= Unchanged
STU0094,Tanvi Nair,Computer Science,Consistent,68.4,72.1,3.7,54.6,37.6,Medium,Medium,Medium,0.005,0.002,= Unchanged
STU0095,Vijay Davis,Computer Science,,38.4,39.9,1.5,56.3,55.8,Medium,Medium,Medium,0.286,0.245,= Unchanged
STU0096,Omar Chaudhary,Mechanical,Consistent,65.0,68.9,3.9,60.0,67.3,Medium,Medium,Medium,0.029,0.007,= Unchanged
STU0097,Neha Ahmed,Electronics,,49.2,38.9,-10.3,65.8,75.7,High,High,High,0.974,0.994,= Unchanged
STU0098,Ishaan Malik,Civil,Consistent,47.1,45.3,-1.8,56.0,45.1,High,High,High,0.542,0.69,= Unchanged
STU0099,Sai Malik,Civil,Struggle,42.7,45.7,2.9,53.9,75.1,High,High,High,0.875,0.78,= Unchanged
STU0100,Priya Davis,Mechanical,Consistent,52.5,51.5,-1.0,56.2,71.9,High,High,Medium,0.737,0.526,= Unchanged
STU0101,Aditya Wilson,Computer Science,Consistent,86.7,79.5,-7.2,61.8,65.4,Low,Low,Low,0.0,0.0,= Unchanged
STU0102,Amara Shah,Civil,,31.2,29.9,-1.3,66.0,70.3,High,High,Medium,0.545,0.509,= Unchanged
STU0103,Divya Rao,Mechanical,Comeback,52.3,50.2,-2.1,69.0,79.9,Medium,Medium,Medium,0.145,0.303,= Unchanged
STU0104,Yusuf Chaudhary,Mathematics,Late Bloomer,48.2,61.4,13.2,52.6,67.2,High,Medium,Medium,0.507,0.168,⬇ Improved
STU0105,Reyansh Wilson,Data Science,Struggle,53.7,50.7,-3.0,62.4,85.9,High,High,Medium,0.725,0.683,= Unchanged
STU0106,Isabella Ahmed,Civil,Early Bird,57.4,61.1,3.7,64.6,62.2,Medium,Medium,Medium,0.122,0.073,= Unchanged
STU0107,Kavya Shah,Data Science,Comeback,48.8,61.1,12.4,56.7,58.4,Medium,Medium,Medium,0.157,0.079,= Unchanged
STU0108,Ava Wilson,Computer Science,Consistent,73.8,77.7,3.9,72.2,60.3,Medium,Low,Medium,0.007,0.001,⬇ Improved
STU0109,Pooja Hassan,Civil,Early Bird,63.7,54.4,-9.3,62.7,54.2,Medium,Medium,Medium,0.103,0.202,= Unchanged
STU0110,Priya Brown,Mechanical,Early Bird,29.2,18.1,-11.1,67.4,60.7,High,High,High,0.996,1.0,= Unchanged
STU0111,Omar Kumar,Electronics,Late Bloomer,50.5,56.6,6.1,54.0,56.0,High,Medium,Medium,0.572,0.382,⬇ Improved
STU0112,Olivia Patel,Civil,,34.4,42.2,7.8,52.6,44.3,Medium,Medium,Medium,0.234,0.16,= Unchanged
STU0113,Sneha Rao,Civil,Consistent,61.0,57.8,-3.1,76.7,62.1,Medium,Medium,Medium,0.025,0.015,= Unchanged
STU0114,Suresh Ahmed,Civil,Consistent,75.0,65.7,-9.2,66.6,62.6,Low,Medium,Low,0.003,0.003,⬆ Worsened
STU0115,Riya Moore,Civil,Early Bird,73.7,77.5,3.8,59.4,51.5,Low,Low,Low,0.0,0.0,= Unchanged
STU0116,Anjali Williams,Mechanical,Struggle,38.5,41.8,3.3,66.7,55.2,High,High,High,0.956,0.975,= Unchanged
STU0117,Yasmin Smith,Mechanical,Consistent,39.1,47.0,7.9,44.8,27.6,High,High,High,0.964,0.966,= Unchanged
STU0118,Noor Khan,Electronics,Late Bloomer,72.0,71.6,-0.5,60.2,60.3,Medium,Medium,Medium,0.016,0.005,= Unchanged
STU0119,Ishaan Nair,Mechanical,,76.6,66.7,-9.9,74.5,92.9,Medium,Medium,Medium,0.027,0.018,= Unchanged
STU0120,Ananya Taylor,Mechanical,Consistent,58.7,45.6,-13.1,75.3,82.0,Medium,Medium,Medium,0.191,0.39,= Unchanged
STU0121,Noah Ansari,Computer Science,Struggle,16.0,16.8,0.8,43.5,47.4,High,High,High,0.997,0.999,= Unchanged
STU0122,Shreya Johnson,Computer Science,Struggle,57.6,59.4,1.8,65.1,61.9,Medium,Medium,Medium,0.33,0.255,= Unchanged
STU0123,Rohan Sharma,Data Science,Late Bloomer,32.1,54.0,22.0,36.8,38.6,High,High,High,0.968,0.786,= Unchanged
STU0124,Amir Khan,Electronics,,12.4,15.7,3.3,53.5,28.3,High,High,High,0.982,0.994,= Unchanged
STU0125,Pooja Kumar,Computer Science,Struggle,58.5,46.3,-12.2,25.6,10.3,Medium,High,High,0.469,0.871,⬆ Worsened
STU0126,Tariq Johnson,Electronics,Late Bloomer,70.8,68.3,-2.5,82.7,80.6,Medium,Medium,Medium,0.049,0.021,= Unchanged
STU0127,Kiran Davis,Electronics,Early Bird,65.8,64.8,-1.1,44.1,49.5,Medium,Medium,Medium,0.026,0.016,= Unchanged
STU0128,Leila Johnson,Civil,Struggle,16.8,12.0,-4.9,67.1,26.1,High,High,High,0.998,1.0,= Unchanged
STU0129,Noah Davis,Mathematics,Early Bird,59.1,53.8,-5.3,86.9,83.6,Medium,High,Medium,0.362,0.541,⬆ Worsened
STU0130,Amara Miller,Mathematics,,27.0,26.1,-0.9,31.3,10.0,Medium,High,High,0.414,0.71,⬆ Worsened
STU0131,Mia Williams,Mathematics,Late Bloomer,36.9,46.8,10.0,57.9,50.1,High,High,High,0.757,0.546,= Unchanged
STU0132,Fatima Williams,Electronics,Consistent,53.4,51.2,-2.2,31.8,64.1,Medium,Medium,Medium,0.141,0.057,= Unchanged
STU0133,Vivaan Patel,Civil,Consistent,61.0,52.5,-8.5,80.9,76.7,Medium,Medium,Medium,0.059,0.069,= Unchanged
STU0134,Isabella Williams,Data Science,Consistent,81.2,89.4,8.2,66.0,65.2,Low,Low,Low,0.0,0.0,= Unchanged
STU0135,Anjali Mirza,Data Science,Consistent,40.2,43.9,3.7,74.8,70.5,High,High,High,0.906,0.918,= Unchanged
STU0136,Leila Wilson,Mathematics,,47.5,47.2,-0.3,46.1,50.0,Medium,Medium,Medium,0.038,0.013,= Unchanged
STU0137,Aditya Verma,Data Science,Struggle,49.8,42.9,-6.9,41.2,50.4,High,High,High,0.705,0.666,= Unchanged
STU0138,Reyansh Kumar,Civil,Struggle,17.7,16.2,-1.5,46.8,54.0,High,High,High,0.998,1.0,= Unchanged
STU0139,Anjali Williams,Mathematics,Early Bird,53.9,45.9,-8.0,46.2,33.3,Medium,High,High,0.478,0.694,⬆ Worsened
STU0140,Sophia Chaudhary,Civil,Comeback,57.4,55.9,-1.5,70.1,64.6,Medium,Medium,Medium,0.029,0.022,= Unchanged
STU0141,Ava Williams,Data Science,Early Bird,60.4,62.7,2.2,31.3,21.6,Medium,Medium,Medium,0.065,0.034,= Unchanged
STU0142,Yusuf Malik,Mathematics,,42.4,36.3,-6.0,43.5,64.4,Medium,Medium,Medium,0.19,0.064,= Unchanged
STU0143,Noor Patel,Civil,Late Bloomer,51.4,64.3,13.0,46.0,26.2,High,Medium,Medium,0.756,0.488,⬇ Improved
STU0144,Yasmin Sharma,Mechanical,,40.7,60.9,20.2,55.8,60.5,Medium,Medium,Medium,0.045,0.003,= Unchanged
STU0145,Lakshmi Davis,Mechanical,Struggle,54.6,54.0,-0.5,76.2,63.9,High,High,High,0.548,0.677,= Unchanged
STU0146,Charlotte Khan,Civil,Consistent,51.1,45.3,-5.8,41.0,50.8,Medium,High,High,0.493,0.611,⬆ Worsened
STU0147,Pooja Malik,Civil,Early Bird,53.8,50.6,-3.2,13.4,7.1,Medium,High,High,0.312,0.757,⬆ Worsened
STU0148,Amir Chaudhary,Computer Science,Early Bird,41.3,43.8,2.6,65.6,17.6,High,High,High,0.672,0.917,= Unchanged
STU0149,Hassan Rao,Computer Science,Consistent,30.7,24.3,-6.4,26.1,29.9,High,High,High,0.976,0.994,= Unchanged
STU0150,Riya Joshi,Electronics,Early Bird,64.1,55.7,-8.4,35.3,58.0,Medium,Medium,Medium,0.135,0.149,= Unchanged
STU0151,Ayaan Ahmed,Mathematics,Consistent,56.4,59.3,2.9,64.2,55.2,Medium,Medium,Medium,0.195,0.116,= Unchanged
STU0152,Emma Moore,Electronics,Consistent,59.8,60.2,0.4,35.9,8.2,Medium,Medium,Medium,0.205,0.191,= Unchanged
STU0153,Liam Siddiqui,Electronics,,86.1,83.7,-2.4,72.8,49.0,Low,Low,Medium,0.0,0.0,= Unchanged
STU0154,Zara Kumar,Data Science,Early Bird,55.5,54.3,-1.3,57.0,46.5,Medium,Medium,Medium,0.28,0.341,= Unchanged
STU0155,Hassan Ansari,Mechanical,,33.8,37.3,3.4,68.3,41.0,Medium,Medium,Medium,0.231,0.178,= Unchanged
STU0156,Mia Mirza,Data Science,Struggle,12.2,31.9,19.8,68.7,60.5,High,High,High,0.999,0.998,= Unchanged
STU0157,Aryan Brown,Mathematics,Late Bloomer,43.5,49.7,6.2,63.0,63.1,High,High,High,0.888,0.851,= Unchanged
STU0158,Rahul Jones,Civil,Early Bird,61.0,48.3,-12.7,44.8,18.4,Medium,Medium,Medium,0.122,0.34,= Unchanged
STU0159,Ava Verma,Computer Science,Struggle,45.3,40.8,-4.5,72.6,79.7,High,High,High,0.614,0.828,= Unchanged
STU0160,Ishaan Davis,Mathematics,,71.8,80.4,8.6,53.2,64.9,Medium,Medium,Medium,0.089,0.014,= Unchanged
STU0161,Tariq Ali,Civil,Consistent,44.4,50.8,6.4,54.2,47.6,High,High,High,0.764,0.66,= Unchanged
STU0162,Aarav Mirza,Mathematics,,25.0,13.3,-11.7,46.5,54.3,High,High,High,0.903,0.968,= Unchanged
STU0163,Yasmin Jones,Civil,,41.4,26.9,-14.5,38.2,52.2,High,High,High,0.744,0.932,= Unchanged
STU0164,Meera Gupta,Computer Science,Struggle,75.2,78.4,3.2,59.8,56.9,Low,Low,Low,0.0,0.0,= Unchanged
STU0165,Nandini Kumar,Civil,,15.2,12.9,-2.3,36.0,23.3,High,High,High,0.937,0.98,= Unchanged
STU0166,Sai Davis,Electronics,Late Bloomer,73.2,74.6,1.4,60.7,84.5,Medium,Medium,Low,0.05,0.003,= Unchanged
STU0167,Amir Verma,Mathematics,,76.5,73.8,-2.7,71.6,68.9,Medium,Medium,High,0.096,0.064,= Unchanged
STU0168,Mia Nair,Computer Science,Struggle,33.4,40.3,6.9,48.6,62.3,High,High,High,0.95,0.949,= Unchanged
STU0169,Yusuf Mirza,Civil,Consistent,69.1,56.6,-12.5,35.8,17.8,Medium,Medium,Medium,0.029,0.092,= Unchanged
STU0170,Shreya Malik,Electronics,,30.6,45.1,14.5,82.7,100.0,Medium,Medium,Medium,0.289,0.023,= Unchanged
STU0171,Krishna Shah,Electronics,Early Bird,36.4,19.0,-17.5,62.9,52.9,High,High,High,0.96,0.998,= Unchanged
STU0172,Sophia Ansari,Mechanical,Early Bird,57.3,58.6,1.3,50.7,60.3,Medium,Medium,Medium,0.064,0.043,= Unchanged
STU0173,Riya Reddy,Electronics,Early Bird,52.1,43.8,-8.3,47.3,63.7,High,High,High,0.658,0.739,= Unchanged
STU0174,Liam Shah,Data Science,Consistent,43.1,34.7,-8.4,46.3,30.9,High,High,High,0.986,0.998,= Unchanged
STU0175,Rohan Jones,Computer Science,Early Bird,55.7,57.5,1.8,47.2,59.7,Medium,Medium,Medium,0.115,0.038,= Unchanged
STU0176,Amara Siddiqui,Computer Science,Comeback,46.6,40.5,-6.1,69.9,69.4,Medium,Medium,Medium,0.185,0.264,= Unchanged
STU0177,Anjali Davis,Computer Science,Consistent,38.9,35.2,-3.7,44.9,31.7,High,High,High,0.89,0.962,= Unchanged
STU0178,Omar Johnson,Civil,Consistent,68.5,73.3,4.7,61.4,56.3,Medium,Medium,Medium,0.014,0.002,= Unchanged
STU0179,Sai Kumar,Mathematics,Consistent,50.2,45.4,-4.8,54.8,52.5,High,High,High,0.789,0.808,= Unchanged
STU0180,Fatima Moore,Civil,Late Bloomer,74.8,79.2,4.4,69.2,72.9,Low,Low,Low,0.005,0.0,= Unchanged
STU0181,Zara Singh,Data Science,Struggle,51.9,46.3,-5.6,52.6,53.5,High,High,High,0.578,0.701,= Unchanged
STU0182,Aarav Ali,Mathematics,Comeback,50.0,61.0,11.0,65.1,44.7,Medium,Medium,Medium,0.127,0.148,= Unchanged
STU0183,Pooja Shah,Electronics,,78.0,72.0,-6.0,50.7,69.3,Medium,Medium,Medium,0.04,0.027,= Unchanged
STU0184,Rohan Hassan,Civil,Early Bird,44.7,44.4,-0.4,65.6,64.6,Medium,Medium,High,0.317,0.319,= Unchanged
STU0185,Omar Verma,Mathematics,Consistent,44.3,44.2,-0.1,51.3,27.9,High,High,High,0.867,0.946,= Unchanged
STU0186,Kavya Brown,Electronics,,12.2,14.6,2.4,32.8,61.2,High,High,High,0.994,0.998,= Unchanged
STU0187,Nandini Verma,Mathematics,Struggle,38.0,44.2,6.1,57.7,35.0,High,High,High,0.636,0.856,= Unchanged
STU0188,Aditya Taylor,Electronics,Early Bird,29.6,33.5,3.9,56.4,11.2,High,High,High,0.908,0.991,= Unchanged
STU0189,Olivia Davis,Mathematics,Struggle,46.0,44.9,-1.1,54.5,48.0,High,High,High,0.81,0.875,= Unchanged
STU0190,Anjali Ansari,Civil,,29.7,36.9,7.3,60.1,72.3,Medium,Medium,Medium,0.288,0.171,= Unchanged
STU0191,Shreya Singh,Civil,Struggle,41.8,40.6,-1.3,45.0,57.6,High,High,High,0.89,0.953,= Unchanged
STU0192,Vijay Davis,Data Science,Late Bloomer,63.7,66.6,2.8,73.1,77.9,Medium,Medium,Medium,0.115,0.026,= Unchanged
STU0193,Suresh Davis,Mechanical,Struggle,24.2,23.5,-0.6,32.3,59.2,High,High,High,0.992,0.996,= Unchanged
STU0194,Reyansh Verma,Computer Science,Consistent,52.4,56.3,3.9,65.7,58.6,Medium,Medium,Medium,0.176,0.117,= Unchanged
STU0195,Omar Gupta,Civil,Late Bloomer,46.9,61.5,14.6,47.2,22.5,High,High,Medium,0.781,0.606,= Unchanged
STU0196,Olivia Ansari,Civil,Late Bloomer,35.6,43.0,7.4,71.9,70.5,High,High,High,0.943,0.911,= Unchanged
STU0197,Tariq Mirza,Electronics,Consistent,71.7,69.3,-2.4,49.4,58.1,Medium,Medium,Low,0.02,0.011,= Unchanged
STU0198,Shreya Moore,Mechanical,Consistent,65.7,63.3,-2.4,63.9,64.0,Medium,Medium,Medium,0.055,0.061,= Unchanged
STU0199,Ava Miller,Civil,Consistent,50.2,39.7,-10.5,53.0,30.6,High,High,High,0.652,0.882,= Unchanged
STU0200,Aryan Reddy,Mathematics,Struggle,54.5,42.7,-11.9,65.1,69.5,High,High,High,0.885,0.945,= Unchanged
STU0201,Anjali Smith,Mechanical,Comeback,43.6,39.2,-4.4,60.4,53.6,High,High,High,0.579,0.82,= Unchanged
STU0202,Yusuf Johnson,Computer Science,,89.1,88.4,-0.7,43.3,34.4,Low,Low,Medium,0.0,0.0,= Unchanged
STU0203,Ayaan Shah,Mathematics,Late Bloomer,74.3,75.2,0.9,36.9,57.3,Medium,Low,Low,0.015,0.001,⬇ Improved
STU0204,Amir Gupta,Electronics,Early Bird,72.5,66.8,-5.7,63.4,64.9,Medium,Medium,Medium,0.008,0.005,= Unchanged
STU0205,Vihaan Khan,Data Science,,36.8,41.4,4.6,55.2,72.1,High,Medium,Medium,0.6,0.238,⬇ Improved
STU0206,Lakshmi Rao,Mathematics,Consistent,55.8,63.8,7.9,55.6,72.1,Medium,Medium,Medium,0.093,0.016,= Unchanged
STU0207,Amir Taylor,Computer Science,Struggle,20.5,36.3,15.8,49.9,51.6,High,High,High,0.997,0.997,= Unchanged
STU0208,Pooja Joshi,Mathematics,Struggle,55.4,47.0,-8.5,47.1,49.5,Medium,High,High,0.461,0.654,⬆ Worsened
STU0209,Meera Shah,Mechanical,Consistent,39.2,43.6,4.3,65.7,47.0,High,High,High,0.86,0.856,= Unchanged
STU0210,Charlotte Nair,Mechanical,,12.3,16.6,4.3,49.1,32.7,High,High,High,0.995,0.997,= Unchanged
STU0211,Fatima Miller,Computer Science,Comeback,33.2,42.5,9.4,45.7,40.0,Medium,High,Medium,0.398,0.562,⬆ Worsened
STU0212,Emma Miller,Mechanical,Consistent,70.9,75.9,5.0,20.8,40.0,Medium,Medium,Low,0.013,0.004,= Unchanged
STU0213,Divya Kumar,Mathematics,Consistent,39.7,36.0,-3.7,72.2,68.0,High,High,High,0.945,0.972,= Unchanged
STU0214,Sneha Nair,Data Science,Consistent,73.5,69.5,-4.0,74.2,82.4,Low,Low,Medium,0.005,0.001,= Unchanged
STU0215,Arjun Siddiqui,Mathematics,Late Bloomer,37.5,46.4,8.9,44.6,49.2,High,High,High,0.966,0.93,= Unchanged
STU0216,Kiran Singh,Data Science,Early Bird,50.7,58.6,7.9,52.9,50.0,Medium,Medium,High,0.373,0.304,= Unchanged
STU0217,Suresh Smith,Mechanical,Early Bird,67.2,65.1,-2.2,60.8,45.9,Medium,Medium,Medium,0.006,0.005,= Unchanged
STU0218,Olivia Joshi,Mathematics,Consistent,46.6,56.6,10.0,70.3,68.2,High,Medium,Medium,0.504,0.257,⬇ Improved
STU0219,Vijay Rao,Mechanical,,44.8,33.3,-11.5,69.4,66.9,Medium,High,Medium,0.448,0.561,⬆ Worsened
STU0220,Sophia Taylor,Data Science,Late Bloomer,83.5,81.7,-1.8,72.9,59.5,Low,Low,Low,0.0,0.0,= Unchanged
STU0221,Tanvi Singh,Mechanical,Consistent,28.6,21.6,-7.1,60.2,17.8,High,High,High,0.988,0.999,= Unchanged
STU0222,Kiran Brown,Civil,Consistent,39.0,44.2,5.2,65.8,57.8,High,High,High,0.928,0.922,= Unchanged
STU0223,Mia Johnson,Electronics,Early Bird,62.9,63.4,0.5,69.4,58.7,Medium,Medium,Medium,0.055,0.033,= Unchanged
STU0224,Suresh Ansari,Mathematics,Late Bloomer,56.7,60.3,3.6,68.0,45.2,Medium,Medium,Medium,0.154,0.076,= Unchanged
STU0225,Liam Williams,Civil,Consistent,51.8,62.6,10.9,56.5,47.6,Medium,Medium,Medium,0.13,0.042,= Unchanged
STU0226,Charlotte Sharma,Mechanical,Consistent,63.5,59.6,-3.9,25.3,19.5,Medium,Medium,Medium,0.041,0.045,= Unchanged
STU0227,Tanvi Kumar,Mechanical,Comeback,46.9,50.0,3.1,74.7,60.2,Medium,Medium,Medium,0.145,0.286,= Unchanged
STU0228,Aryan Davis,Electronics,,65.3,68.4,3.1,49.9,31.8,Medium,Medium,High,0.213,0.197,= Unchanged
STU0229,Mia Hassan,Mechanical,Consistent,62.6,64.0,1.4,82.1,67.6,Medium,Medium,Medium,0.033,0.016,= Unchanged
STU0230,Divya Rao,Electronics,Late Bloomer,41.6,42.1,0.5,60.6,53.0,High,High,High,0.922,0.913,= Unchanged
STU0231,Neha Ansari,Mathematics,Early Bird,34.7,42.9,8.3,66.6,56.6,High,High,High,0.911,0.954,= Unchanged
STU0232,Liam Sharma,Data Science,Struggle,36.5,37.4,0.9,53.3,25.0,High,High,High,0.947,0.991,= Unchanged
STU0233,Ava Wilson,Electronics,Late Bloomer,65.8,74.6,8.9,66.1,57.8,Medium,Medium,Low,0.046,0.011,= Unchanged
STU0234,Meera Malik,Electronics,,50.9,48.8,-2.1,52.7,65.3,Medium,Medium,Medium,0.009,0.004,= Unchanged
STU0235,Lakshmi Reddy,Civil,Early Bird,77.7,68.1,-9.5,51.4,46.7,Medium,Medium,Medium,0.001,0.001,= Unchanged
STU0236,Zara Malik,Mechanical,Late Bloomer,69.8,74.5,4.8,64.1,49.3,Medium,Medium,Low,0.141,0.039,= Unchanged
STU0237,Priya Joshi,Mathematics,Early Bird,50.7,58.5,7.7,30.8,17.0,Medium,High,Medium,0.345,0.502,⬆ Worsened
STU0238,Aarav Taylor,Data Science,,71.9,68.6,-3.3,68.0,63.0,Medium,Medium,High,0.243,0.238,= Unchanged
STU0239,Ananya Jones,Computer Science,Comeback,41.7,51.9,10.2,65.0,64.3,Medium,Medium,Medium,0.355,0.278,= Unchanged
STU0240,Isabella Wilson,Electronics,Consistent,44.9,53.3,8.4,46.2,39.2,High,High,High,0.596,0.598,= Unchanged
STU0241,Yusuf Davis,Computer Science,Late Bloomer,38.4,44.8,6.4,53.7,59.7,High,High,High,0.924,0.923,= Unchanged
STU0242,Kavya Sharma,Mechanical,Early Bird,69.7,67.8,-1.9,73.3,84.4,Medium,Low,Medium,0.005,0.001,⬇ Improved
STU0243,Liam Reddy,Electronics,Consistent,52.1,53.3,1.3,50.4,76.4,High,Medium,High,0.685,0.49,⬇ Improved
STU0244,Charlotte Brown,Computer Science,Struggle,67.0,71.7,4.7,61.1,74.8,Medium,Medium,Medium,0.112,0.017,= Unchanged
STU0245,Fatima Hassan,Civil,Comeback,33.8,32.1,-1.7,69.8,71.2,High,High,High,0.932,0.977,= Unchanged
STU0246,Aryan Rao,Computer Science,Struggle,35.1,21.2,-13.9,39.2,25.1,High,High,High,0.958,0.997,= Unchanged
STU0247,Tariq Verma,Civil,,79.9,73.8,-6.0,50.7,33.8,Medium,Medium,Medium,0.039,0.049,= Unchanged
STU0248,Mia Rao,Data Science,Consistent,62.1,67.1,5.0,43.6,63.0,Medium,Medium,Medium,0.094,0.019,= Unchanged
STU0249,Ava Jones,Mechanical,,46.9,59.6,12.7,41.4,50.0,Medium,Medium,Medium,0.034,0.003,= Unchanged
STU0250,Yasmin Miller,Mathematics,Struggle,38.4,29.8,-8.6,48.3,69.4,High,High,High,0.951,0.949,= Unchanged
STU0251,Ishaan Siddiqui,Computer Science,Late Bloomer,32.2,35.9,3.7,65.1,49.1,High,High,High,0.984,0.987,= Unchanged
STU0252,Leila Ahmed,Electronics,Struggle,84.4,70.9,-13.5,61.8,64.5,Low,Low,Low,0.001,0.001,= Unchanged
STU0253,Pooja Malik,Mechanical,Consistent,49.6,56.5,6.9,45.2,29.8,High,High,Medium,0.614,0.601,= Unchanged
STU0254,Vivaan Moore,Computer Science,Comeback,30.4,31.1,0.7,50.1,45.4,High,High,High,0.696,0.888,= Unchanged
STU0255,Vihaan Smith,Electronics,Early Bird,25.7,26.3,0.5,57.9,55.6,High,High,High,0.988,0.996,= Unchanged
STU0256,Yasmin Moore,Electronics,Consistent,51.3,64.6,13.3,57.9,62.1,Medium,Medium,Medium,0.098,0.011,= Unchanged
STU0257,Omar Chaudhary,Mathematics,Struggle,31.9,43.3,11.4,60.9,56.6,High,High,High,0.965,0.945,= Unchanged
STU0258,Ishaan Miller,Mathematics,Early Bird,65.0,66.6,1.6,29.1,44.9,Medium,Medium,Medium,0.075,0.036,= Unchanged
STU0259,Amara Shah,Electronics,Consistent,39.9,41.8,2.0,56.3,48.2,High,High,High,0.802,0.778,= Unchanged
STU0260,Hassan Smith,Mathematics,Consistent,46.8,46.3,-0.5,41.0,49.7,High,High,High,0.748,0.763,= Unchanged
STU0261,Amara Hassan,Electronics,Late Bloomer,31.1,35.7,4.6,56.2,44.4,High,High,High,0.992,0.996,= Unchanged
STU0262,Yusuf Wilson,Computer Science,Early Bird,52.3,52.7,0.4,26.2,36.6,Medium,Medium,Medium,0.322,0.301,= Unchanged
STU0263,Rahul Joshi,Data Science,,20.7,24.5,3.8,49.9,56.9,High,High,High,0.924,0.907,= Unchanged
STU0264,Ava Mirza,Mathematics,,45.4,48.1,2.7,68.6,50.3,Medium,Medium,Medium,0.068,0.033,= Unchanged
STU0265,Kavya Siddiqui,Civil,Early Bird,67.4,58.8,-8.6,46.6,61.8,Medium,Medium,Medium,0.028,0.026,= Unchanged
STU0266,Aditya Moore,Civil,Struggle,53.7,44.9,-8.9,18.1,8.8,High,High,High,0.666,0.944,= Unchanged
STU0267,Shreya Chaudhary,Civil,Late Bloomer,48.5,62.8,14.2,53.7,72.1,High,Medium,Medium,0.639,0.152,⬇ Improved
STU0268,Divya Nair,Data Science,Struggle,54.5,52.9,-1.6,15.5,35.6,High,High,Medium,0.598,0.597,= Unchanged
STU0269,Sneha Sharma,Electronics,Consistent,53.7,50.1,-3.6,39.1,37.5,High,High,High,0.589,0.643,= Unchanged
STU0270,Kavya Malik,Electronics,Late Bloomer,51.9,44.5,-7.3,54.1,49.1,High,High,High,0.614,0.6,= Unchanged
STU0271,Yasmin Patel,Mechanical,Early Bird,54.6,63.4,8.9,56.9,54.3,Medium,Medium,Medium,0.132,0.038,= Unchanged
STU0272,Shreya Johnson,Civil,Consistent,31.8,38.1,6.3,64.3,73.8,High,High,High,0.954,0.955,= Unchanged
STU0273,Kavya Singh,Civil,Struggle,38.1,42.8,4.7,76.7,36.4,High,High,High,0.88,0.961,= Unchanged
STU0274,Emma Reddy,Electronics,Comeback,21.1,25.2,4.1,55.7,50.6,High,High,High,0.964,0.991,= Unchanged
STU0275,Tanvi Moore,Civil,Late Bloomer,35.9,46.6,10.7,62.0,48.2,High,High,High,0.891,0.786,= Unchanged
STU0276,Vivaan Patel,Electronics,Late Bloomer,34.4,37.9,3.4,53.3,42.4,High,High,High,0.992,0.996,= Unchanged
STU0277,Rahul Nair,Electronics,Comeback,57.5,54.6,-2.9,65.4,53.2,Medium,Medium,Medium,0.043,0.047,= Unchanged
STU0278,Suresh Mirza,Mathematics,Struggle,59.4,63.2,3.8,71.2,50.4,Medium,Medium,Medium,0.127,0.085,= Unchanged
STU0279,Rohan Moore,Electronics,Consistent,72.4,74.4,2.0,53.4,41.6,Medium,Medium,Low,0.005,0.002,= Unchanged
STU0280,Tanvi Joshi,Computer Science,Consistent,29.2,31.3,2.0,28.1,27.9,High,High,High,0.932,0.955,= Unchanged
STU0281,Hassan Jones,Computer Science,Struggle,44.3,38.2,-6.1,54.8,61.5,High,High,High,0.955,0.982,= Unchanged
STU0282,Krishna Verma,Computer Science,Early Bird,72.2,59.3,-12.9,22.3,0.0,Medium,Medium,Medium,0.037,0.12,= Unchanged
STU0283,Hassan Davis,Computer Science,Consistent,44.7,42.9,-1.8,40.8,32.9,High,High,High,0.827,0.853,= Unchanged
STU0284,Sophia Malik,Data Science,Consistent,51.9,55.0,3.1,81.7,56.9,Medium,Medium,High,0.284,0.45,= Unchanged
STU0285,Sophia Ali,Mechanical,,33.7,45.6,11.9,82.3,55.4,Medium,Medium,Medium,0.407,0.259,= Unchanged
STU0286,Aryan Davis,Mechanical,Struggle,41.2,43.5,2.4,69.3,66.3,High,High,High,0.925,0.951,= Unchanged
STU0287,Riya Nair,Electronics,,83.2,76.8,-6.4,57.3,52.5,Low,Medium,Medium,0.009,0.009,⬆ Worsened
STU0288,Neha Verma,Civil,Struggle,46.4,48.8,2.4,82.0,46.9,Medium,Medium,High,0.243,0.382,= Unchanged
STU0289,Anjali Siddiqui,Computer Science,,69.7,66.7,-2.9,62.7,61.9,Medium,Medium,High,0.159,0.131,= Unchanged
STU0290,Riya Williams,Mechanical,Consistent,54.7,52.5,-2.1,66.9,49.4,Medium,Medium,Medium,0.177,0.176,= Unchanged
STU0291,Fatima Miller,Mechanical,Struggle,49.8,47.4,-2.4,62.3,61.0,High,High,High,0.579,0.632,= Unchanged
STU0292,Suresh Smith,Computer Science,Consistent,50.0,53.2,3.2,48.6,20.2,High,High,Medium,0.579,0.703,= Unchanged
STU0293,Hassan Singh,Data Science,Struggle,67.9,60.9,-7.0,67.7,52.3,Medium,Medium,Medium,0.057,0.21,= Unchanged
STU0294,Amir Verma,Data Science,Early Bird,65.7,63.8,-1.8,68.2,60.6,Medium,Medium,Medium,0.016,0.011,= Unchanged
STU0295,Kiran Rao,Mechanical,Late Bloomer,49.1,48.1,-1.0,54.4,56.5,High,High,High,0.955,0.928,= Unchanged
STU0296,Neha Shah,Data Science,,42.3,49.5,7.2,62.5,50.1,Medium,Medium,Medium,0.158,0.054,= Unchanged
STU0297,Suresh Patel,Mathematics,Comeback,9.9,16.8,6.9,56.6,6.0,High,High,High,0.996,1.0,= Unchanged
STU0298,Divya Wilson,Computer Science,Consistent,49.6,48.8,-0.8,75.2,78.9,Medium,Medium,High,0.168,0.151,= Unchanged
STU0299,Vihaan Ansari,Mechanical,Early Bird,59.4,47.5,-12.0,24.6,45.1,Medium,Medium,High,0.28,0.408,= Unchanged
STU0300,Neha Sharma,Computer Science,Late Bloomer,68.8,73.9,5.1,70.4,52.7,Medium,Low,Low,0.022,0.005,⬇ Improved
STU0301,Emma Patel,Data Science,Late Bloomer,53.7,52.7,-0.9,50.3,52.1,High,Medium,Medium,0.524,0.388,⬇ Improved
STU0302,Ava Singh,Computer Science,Comeback,49.4,51.7,2.2,59.9,63.3,Medium,Medium,Medium,0.063,0.074,= Unchanged
STU0303,Kavya Wilson,Data Science,Consistent,53.5,49.0,-4.5,58.3,66.3,High,Medium,High,0.525,0.47,⬇ Improved
STU0304,Shreya Patel,Data Science,,77.4,77.9,0.5,54.6,41.3,Low,Low,Medium,0.001,0.001,= Unchanged
STU0305,Noor Khan,Computer Science,Consistent,60.1,56.7,-3.4,63.1,74.6,Medium,Medium,Medium,0.071,0.04,= Unchanged
STU0306,Divya Sharma,Data Science,Struggle,57.4,49.3,-8.1,53.3,68.9,Medium,Medium,Medium,0.102,0.135,= Unchanged
STU0307,Vivaan Patel,Mathematics,Struggle,53.6,53.3,-0.3,81.2,71.1,Medium,Medium,Medium,0.242,0.306,= Unchanged
STU0308,Anjali Gupta,Electronics,Consistent,78.7,82.6,3.9,62.2,37.6,Low,Low,Low,0.002,0.0,= Unchanged
STU0309,Vihaan Ali,Computer Science,Consistent,60.4,55.6,-4.7,52.9,54.4,Medium,Medium,Medium,0.292,0.281,= Unchanged
STU0310,Rahul Davis,Electronics,Comeback,30.4,35.8,5.3,64.7,62.8,High,High,High,0.853,0.915,= Unchanged
STU0311,Vijay Singh,Computer Science,Struggle,57.2,57.4,0.2,63.5,53.7,Medium,Medium,Medium,0.141,0.108,= Unchanged
STU0312,Riya Rao,Data Science,Consistent,38.8,49.0,10.2,58.5,65.1,High,Medium,High,0.571,0.345,⬇ Improved
STU0313,Lakshmi Smith,Data Science,Early Bird,37.7,34.4,-3.4,26.4,21.1,High,High,High,0.925,0.978,= Unchanged
STU0314,Sneha Miller,Mechanical,Consistent,50.8,62.5,11.8,50.5,28.0,Medium,Medium,Medium,0.309,0.125,= Unchanged
STU0315,Zara Sharma,Mathematics,Consistent,31.9,45.5,13.6,40.0,30.2,High,High,High,0.927,0.916,= Unchanged
STU0316,Sai Khan,Mechanical,Early Bird,34.5,30.0,-4.5,51.6,52.5,High,High,High,0.943,0.988,= Unchanged
STU0317,Emma Verma,Electronics,Consistent,48.6,49.6,1.0,40.8,20.6,High,High,Medium,0.551,0.618,= Unchanged
STU0318,Riya Smith,Data Science,Comeback,62.4,70.1,7.7,78.3,73.4,Medium,Medium,Low,0.007,0.002,= Unchanged
STU0319,Rohan Smith,Mechanical,Struggle,40.6,40.8,0.2,54.5,49.0,High,High,High,0.832,0.954,= Unchanged
STU0320,Lakshmi Smith,Data Science,,64.1,60.9,-3.2,50.8,65.3,Medium,Medium,High,0.148,0.096,= Unchanged
STU0321,Nandini Kumar,Computer Science,Struggle,53.5,62.0,8.5,43.7,13.1,Medium,Medium,Medium,0.124,0.18,= Unchanged
STU0322,Divya Ansari,Mechanical,,68.2,63.6,-4.5,48.4,30.1,Medium,Medium,High,0.318,0.492,= Unchanged
STU0323,Anjali Jones,Electronics,Early Bird,77.3,73.4,-3.9,40.0,55.7,Low,Medium,Low,0.006,0.002,⬆ Worsened
STU0324,Divya Taylor,Mechanical,Early Bird,77.8,75.3,-2.5,85.2,62.1,Low,Low,Low,0.0,0.0,= Unchanged
STU0325,Sneha Wilson,Data Science,,60.5,50.1,-10.4,64.6,66.6,High,High,High,0.875,0.94,= Unchanged
STU0326,Nandini Chaudhary,Civil,Early Bird,75.2,69.6,-5.6,57.4,68.2,Medium,Medium,Low,0.002,0.001,= Unchanged
STU0327,Aarav Joshi,Civil,Consistent,60.4,64.1,3.7,44.2,46.5,Medium,Medium,Medium,0.079,0.019,= Unchanged
STU0328,Nandini Mirza,Mathematics,Struggle,75.0,83.4,8.4,43.5,69.9,Medium,Low,Low,0.014,0.0,⬇ Improved
STU0329,Aarav Reddy,Data Science,,34.0,26.1,-7.8,71.5,58.1,Medium,High,Medium,0.439,0.78,⬆ Worsened
STU0330,Kavya Smith,Computer Science,Comeback,20.7,24.3,3.7,22.7,0.7,High,High,High,0.992,0.999,= Unchanged
STU0331,Kiran Shah,Mechanical,Early Bird,86.8,77.0,-9.8,70.7,69.2,Low,Low,Low,0.0,0.0,= Unchanged
STU0332,Yasmin Verma,Civil,Struggle,51.2,49.2,-1.9,41.9,65.4,High,High,Medium,0.738,0.641,= Unchanged
STU0333,Noor Verma,Computer Science,,51.8,52.6,0.8,35.8,0.0,High,High,High,0.83,0.947,= Unchanged
STU0334,Liam Chaudhary,Data Science,Consistent,54.0,67.3,13.4,72.2,61.7,Medium,Medium,Medium,0.176,0.066,= Unchanged
STU0335,Vihaan Ali,Computer Science,Struggle,48.7,38.5,-10.1,69.9,55.1,High,High,High,0.872,0.961,= Unchanged
STU0336,Yusuf Kumar,Data Science,Consistent,56.5,66.8,10.3,67.7,57.7,Medium,Medium,Medium,0.039,0.008,= Unchanged
STU0337,Aarav Sharma,Mathematics,Early Bird,60.0,58.6,-1.4,63.2,65.7,Medium,Medium,Medium,0.07,0.078,= Unchanged
STU0338,Reyansh Nair,Mechanical,Early Bird,69.5,59.7,-9.8,68.6,56.6,Medium,Medium,Medium,0.016,0.059,= Unchanged
STU0339,Aarav Malik,Computer Science,Consistent,66.2,70.2,4.1,44.7,72.2,Medium,Medium,Medium,0.05,0.013,= Unchanged
STU0340,Lakshmi Johnson,Mechanical,Consistent,79.6,75.1,-4.5,60.4,90.4,Low,Low,Low,0.0,0.0,= Unchanged
STU0341,Tariq Joshi,Computer Science,Early Bird,71.5,72.0,0.5,54.3,60.4,Medium,Medium,Medium,0.02,0.005,= Unchanged
STU0342,Vivaan Nair,Data Science,Consistent,68.7,73.6,4.8,62.3,58.9,Low,Low,Low,0.001,0.0,= Unchanged
STU0343,Vihaan Ahmed,Data Science,Consistent,49.2,54.0,4.8,57.6,66.6,High,Medium,Medium,0.624,0.413,⬇ Improved
STU0344,Neha Johnson,Computer Science,Comeback,56.7,48.8,-7.9,64.3,89.5,Medium,Medium,Medium,0.029,0.029,= Unchanged
STU0345,Fatima Ahmed,Mathematics,Consistent,70.5,66.0,-4.5,67.7,56.8,Medium,Medium,Medium,0.007,0.006,= Unchanged
STU0346,Fatima Siddiqui,Data Science,Early Bird,59.5,54.1,-5.4,55.8,63.4,Medium,Medium,Medium,0.128,0.115,= Unchanged
STU0347,Ayaan Verma,Electronics,,73.2,67.4,-5.8,34.0,61.6,Medium,Medium,Medium,0.063,0.034,= Unchanged
STU0348,Tanvi Malik,Electronics,Consistent,56.7,51.8,-4.9,50.5,67.6,Medium,Medium,Medium,0.267,0.25,= Unchanged
STU0349,Olivia Chaudhary,Mechanical,Late Bloomer,76.2,83.3,7.1,56.1,58.7,Medium,Low,Low,0.01,0.0,⬇ Improved
STU0350,Lakshmi Wilson,Electronics,Early Bird,70.5,68.6,-1.9,34.9,15.8,Medium,Medium,Medium,0.023,0.023,= Unchanged
STU0351,Sneha Shah,Electronics,Struggle,36.4,31.8,-4.7,57.9,60.2,High,High,High,0.989,0.997,= Unchanged
STU0352,Kavya Khan,Mathematics,,26.7,29.3,2.6,61.6,61.4,High,High,High,0.59,0.672,= Unchanged
STU0353,Arjun Malik,Mathematics,,32.4,40.1,7.7,54.7,41.0,Medium,Medium,Medium,0.145,0.096,= Unchanged
STU0354,Pooja Rao,Civil,Struggle,32.8,35.5,2.7,40.3,53.6,High,High,High,0.981,0.982,= Unchanged
STU0355,Leila Patel,Civil,Consistent,67.6,66.6,-1.1,62.3,42.1,Medium,Medium,Low,0.017,0.012,= Unchanged
STU0356,Noor Siddiqui,Mathematics,Consistent,49.9,44.9,-5.0,38.6,51.8,High,High,Medium,0.754,0.759,= Unchanged
STU0357,Ayaan Shah,Civil,Late Bloomer,60.0,66.6,6.6,60.1,65.1,Medium,Medium,Medium,0.064,0.013,= Unchanged
STU0358,Ishaan Taylor,Mathematics,Consistent,62.0,60.5,-1.6,100.0,82.2,Medium,Medium,Medium,0.031,0.068,= Unchanged
STU0359,Arjun Mirza,Civil,Struggle,55.7,57.3,1.6,26.2,20.8,Medium,Medium,Medium,0.361,0.33,= Unchanged
STU0360,Noor Smith,Data Science,Struggle,37.6,31.4,-6.2,42.3,67.5,High,High,High,0.833,0.86,= Unchanged
STU0361,Rahul Johnson,Mathematics,Consistent,60.1,57.7,-2.4,69.5,49.1,Medium,Medium,Medium,0.159,0.201,= Unchanged
STU0362,Hassan Williams,Mechanical,Comeback,51.3,51.0,-0.3,65.9,83.6,Medium,Medium,Medium,0.087,0.099,= Unchanged
STU0363,Divya Nair,Mechanical,Consistent,45.4,37.5,-7.9,75.7,80.3,High,High,High,0.919,0.956,= Unchanged
STU0364,Amir Mirza,Mathematics,Late Bloomer,44.2,45.1,0.9,38.9,68.3,High,High,High,0.973,0.96,= Unchanged
STU0365,Vijay Ali,Electronics,Struggle,54.5,49.9,-4.6,58.8,54.3,High,High,High,0.607,0.805,= Unchanged
STU0366,Sophia Brown,Mechanical,Late Bloomer,58.5,69.5,11.0,49.9,39.5,Medium,Medium,Medium,0.271,0.088,= Unchanged
STU0367,Hassan Sharma,Electronics,Late Bloomer,36.9,43.9,7.0,54.0,48.0,High,High,High,0.819,0.716,= Unchanged
STU0368,Riya Wilson,Mechanical,Consistent,52.1,53.2,1.1,55.7,35.9,Medium,Medium,High,0.337,0.439,= Unchanged
STU0369,Noor Taylor,Computer Science,Late Bloomer,33.5,44.6,11.0,67.0,56.6,High,High,High,0.955,0.971,= Unchanged
STU0370,Hassan Nair,Computer Science,Struggle,47.2,44.8,-2.4,51.1,56.6,Medium,Medium,High,0.423,0.418,= Unchanged
STU0371,Yusuf Chaudhary,Mathematics,,32.6,25.3,-7.2,58.8,56.0,High,High,Medium,0.69,0.866,= Unchanged
STU0372,Kavya Kumar,Mechanical,Late Bloomer,55.0,69.4,14.3,50.9,60.3,Medium,Medium,Medium,0.34,0.048,= Unchanged
STU0373,Shreya Siddiqui,Data Science,Late Bloomer,78.7,86.9,8.1,53.4,62.6,Low,Low,Low,0.0,0.0,= Unchanged
STU0374,Reyansh Miller,Electronics,Struggle,22.5,18.6,-3.9,64.6,29.1,High,High,High,0.988,0.999,= Unchanged
STU0375,Aditya Sharma,Mechanical,,77.3,68.8,-8.6,43.4,56.7,Medium,Medium,Medium,0.09,0.119,= Unchanged
STU0376,Hassan Shah,Mathematics,Consistent,50.8,50.4,-0.4,57.4,53.5,High,High,High,0.547,0.664,= Unchanged
STU0377,Priya Rao,Electronics,Late Bloomer,46.5,43.5,-3.0,63.6,64.4,High,High,High,0.681,0.549,= Unchanged
STU0378,Vivaan Davis,Civil,Comeback,35.7,30.4,-5.3,44.6,26.2,High,High,High,0.837,0.983,= Unchanged
STU0379,Vihaan Chaudhary,Mathematics,Early Bird,57.5,54.2,-3.3,59.4,49.7,Medium,Medium,Medium,0.158,0.214,= Unchanged
STU0380,Kavya Wilson,Mechanical,Consistent,51.3,44.1,-7.2,75.1,75.3,High,High,High,0.711,0.86,= Unchanged
STU0381,Suresh Reddy,Data Science,Early Bird,68.8,62.1,-6.7,79.5,86.8,Medium,Medium,Medium,0.011,0.005,= Unchanged
STU0382,Neha Hassan,Civil,Consistent,28.7,43.6,14.9,70.3,58.7,High,High,High,0.981,0.976,= Unchanged
STU0383,Aryan Moore,Mathematics,Early Bird,52.0,60.0,7.9,59.3,28.8,Medium,Medium,Medium,0.069,0.074,= Unchanged
STU0384,Vihaan Joshi,Mechanical,Early Bird,62.9,52.3,-10.6,65.5,58.2,Medium,Medium,Medium,0.098,0.138,= Unchanged
STU0385,Anjali Siddiqui,Computer Science,,44.9,37.5,-7.4,59.2,71.2,Medium,Medium,Medium,0.208,0.187,= Unchanged
STU0386,Sneha Moore,Mechanical,Early Bird,57.8,54.7,-3.1,36.7,4.5,Medium,Medium,High,0.103,0.245,= Unchanged
STU0387,Ava Singh,Computer Science,Consistent,30.6,35.0,4.4,46.0,32.2,High,High,High,0.99,0.991,= Unchanged
STU0388,Sai Miller,Computer Science,Consistent,71.5,78.8,7.3,64.0,42.0,Medium,Medium,Low,0.018,0.005,= Unchanged
STU0389,Neha Verma,Mathematics,,7.1,9.2,2.0,48.9,36.2,High,High,High,0.998,1.0,= Unchanged
STU0390,Leila Ali,Mechanical,Consistent,54.5,53.1,-1.4,69.1,68.3,Medium,High,Medium,0.489,0.508,⬆ Worsened
STU0391,Noor Mirza,Mechanical,Late Bloomer,37.0,47.6,10.7,37.7,32.1,High,High,High,0.967,0.901,= Unchanged
STU0392,Ayaan Williams,Computer Science,Consistent,75.4,70.8,-4.6,71.4,65.9,Medium,Medium,Low,0.003,0.002,= Unchanged
STU0393,Vivaan Ahmed,Electronics,Struggle,67.2,72.0,4.8,54.7,59.7,Medium,Medium,Medium,0.042,0.015,= Unchanged
STU0394,Charlotte Jones,Civil,Early Bird,33.5,43.5,9.9,49.5,21.3,High,High,High,0.861,0.906,= Unchanged
STU0395,Rohan Mirza,Data Science,Late Bloomer,30.4,33.9,3.5,70.6,80.1,High,High,High,0.978,0.944,= Unchanged
STU0396,Noor Kumar,Mechanical,Late Bloomer,47.0,53.0,6.0,56.1,72.5,High,High,Medium,0.915,0.652,= Unchanged
STU0397,Noor Mirza,Civil,Comeback,30.9,35.7,4.8,54.1,14.8,High,High,Medium,0.672,0.911,= Unchanged
STU0398,Isabella Miller,Civil,Early Bird,53.5,42.5,-11.0,40.4,55.7,High,High,High,0.518,0.568,= Unchanged
STU0399,Ava Malik,Electronics,Struggle,20.8,26.3,5.4,54.4,55.4,High,High,High,0.986,0.993,= Unchanged
STU0400,Neha Williams,Civil,,43.7,63.1,19.4,43.1,27.6,Medium,Medium,Low,0.023,0.002,= Unchanged
STU0401,Rohan Ahmed,Mechanical,,28.5,36.4,7.9,48.6,65.7,High,Medium,High,0.554,0.326,⬇ Improved
STU0402,Sophia Shah,Mathematics,Consistent,64.9,63.9,-1.0,55.4,47.0,Medium,Medium,Medium,0.022,0.008,= Unchanged
STU0403,Rahul Reddy,Mathematics,,67.6,62.5,-5.1,52.6,8.8,Medium,Medium,High,0.197,0.361,= Unchanged
STU0404,Reyansh Hassan,Civil,Consistent,76.2,74.6,-1.6,71.0,57.6,Low,Medium,Low,0.003,0.005,⬆ Worsened
STU0405,Mia Johnson,Mechanical,Late Bloomer,61.8,52.1,-9.7,65.3,79.7,High,High,High,0.833,0.79,= Unchanged
STU0406,Mia Williams,Mechanical,,24.6,19.7,-4.9,53.5,11.2,High,High,High,0.893,0.971,= Unchanged
STU0407,Suresh Ansari,Computer Science,Consistent,74.8,73.9,-0.9,55.3,47.2,Low,Low,Low,0.003,0.0,= Unchanged
STU0408,Zara Ansari,Electronics,Consistent,70.5,59.5,-11.0,49.2,43.7,Medium,Medium,Medium,0.026,0.027,= Unchanged
STU0409,Leila Rao,Data Science,Consistent,64.7,62.1,-2.6,56.4,57.9,Medium,Medium,Medium,0.078,0.081,= Unchanged
STU0410,Mia Taylor,Computer Science,Early Bird,26.8,26.9,0.1,62.4,50.5,High,High,High,0.994,0.998,= Unchanged
STU0411,Rahul Verma,Data Science,Late Bloomer,43.0,55.1,12.0,53.8,51.4,High,Medium,Medium,0.684,0.302,⬇ Improved
STU0412,Reyansh Gupta,Mechanical,Struggle,54.9,59.0,4.1,65.0,59.0,Medium,Medium,Medium,0.119,0.082,= Unchanged
STU0413,Aarav Hassan,Mathematics,,18.8,20.6,1.8,30.8,8.1,High,High,High,0.929,0.986,= Unchanged
STU0414,Lakshmi Ahmed,Computer Science,Struggle,24.7,33.0,8.3,59.6,45.5,High,High,High,0.847,0.838,= Unchanged
STU0415,Tanvi Reddy,Civil,Consistent,53.9,55.0,1.1,34.6,27.9,Medium,Medium,Medium,0.251,0.246,= Unchanged
STU0416,Ayaan Rao,Civil,,3.8,12.2,8.4,24.9,17.1,High,High,High,0.999,1.0,= Unchanged
STU0417,Liam Chaudhary,Data Science,Consistent,54.1,52.3,-1.8,88.8,71.9,Medium,Medium,Medium,0.339,0.49,= Unchanged
STU0418,Isabella Shah,Mechanical,Consistent,82.4,86.6,4.2,45.4,61.0,Low,Low,Low,0.0,0.0,= Unchanged
STU0419,Pooja Jones,Mathematics,Consistent,47.6,48.4,0.9,81.0,69.7,High,Medium,High,0.5,0.314,⬇ Improved
STU0420,Noor Reddy,Data Science,Early Bird,32.3,27.6,-4.7,56.9,60.0,High,High,High,0.982,0.997,= Unchanged
STU0421,Riya Shah,Mathematics,Consistent,41.5,37.2,-4.3,31.1,59.2,High,High,High,0.958,0.975,= Unchanged
STU0422,Olivia Joshi,Electronics,Consistent,52.8,57.8,5.0,63.8,58.6,Medium,Medium,Medium,0.394,0.299,= Unchanged
STU0423,Suresh Jones,Mathematics,Consistent,88.1,83.8,-4.3,61.3,56.2,Low,Low,Low,0.0,0.0,= Unchanged
STU0424,Ayaan Malik,Civil,Consistent,41.5,53.1,11.6,56.7,55.9,High,Medium,Medium,0.542,0.41,⬇ Improved
STU0425,Tariq Ahmed,Computer Science,Early Bird,47.5,56.8,9.3,60.4,58.6,Medium,Medium,High,0.308,0.184,= Unchanged
STU0426,Pooja Ansari,Computer Science,Comeback,33.9,29.1,-4.8,50.6,62.8,High,High,High,0.94,0.983,= Unchanged
STU0427,Divya Brown,Computer Science,Struggle,55.0,58.7,3.6,45.9,49.5,High,Medium,Medium,0.512,0.278,⬇ Improved
STU0428,Charlotte Hassan,Mathematics,Consistent,26.2,31.4,5.2,48.8,45.4,High,High,High,0.998,0.999,= Unchanged
STU0429,Vijay Khan,Civil,Consistent,60.7,60.5,-0.1,46.7,51.5,Medium,Medium,Medium,0.258,0.098,= Unchanged
STU0430,Sai Taylor,Mathematics,,67.2,52.3,-14.9,71.5,44.9,Medium,High,High,0.436,0.706,⬆ Worsened
STU0431,Tanvi Moore,Mechanical,Consistent,63.5,57.8,-5.7,83.1,70.0,Medium,Medium,Medium,0.052,0.05,= Unchanged
STU0432,Aarav Jones,Civil,,0.5,2.0,1.5,47.2,21.6,High,High,High,1.0,1.0,= Unchanged
STU0433,Vivaan Taylor,Civil,Consistent,59.7,66.6,6.9,48.1,33.7,Medium,Medium,Medium,0.042,0.011,= Unchanged
STU0434,Liam Ahmed,Mathematics,,81.0,81.7,0.7,13.0,0.0,Medium,Medium,Medium,0.022,0.014,= Unchanged
STU0435,Noah Brown,Mathematics,Late Bloomer,76.4,84.7,8.3,45.0,37.4,Medium,Low,Low,0.018,0.001,⬇ Improved
STU0436,Aryan Miller,Computer Science,Late Bloomer,57.9,60.3,2.4,64.1,59.1,Medium,Medium,Medium,0.246,0.116,= Unchanged
STU0437,Vihaan Brown,Civil,Struggle,31.1,39.5,8.4,50.1,14.6,High,High,High,0.976,0.995,= Unchanged
STU0438,Neha Moore,Computer Science,Early Bird,45.6,33.1,-12.5,42.8,63.0,High,High,High,0.859,0.919,= Unchanged
STU0439,Emma Smith,Mechanical,Consistent,65.9,75.4,9.4,28.4,6.5,Medium,Medium,Medium,0.008,0.003,= Unchanged
STU0440,Suresh Davis,Electronics,Early Bird,63.7,50.0,-13.6,64.6,62.1,Medium,Medium,Medium,0.051,0.099,= Unchanged
STU0441,Riya Malik,Computer Science,Struggle,52.0,50.4,-1.6,39.0,61.5,High,High,High,0.587,0.591,= Unchanged
STU0442,Aditya Chaudhary,Mathematics,Consistent,55.7,60.2,4.5,70.4,62.8,Medium,Medium,Medium,0.301,0.231,= Unchanged
STU0443,Sophia Davis,Data Science,Consistent,28.1,26.3,-1.8,49.4,65.3,High,High,High,0.993,0.996,= Unchanged
STU0444,Charlotte Ali,Electronics,Late Bloomer,54.0,55.6,1.6,68.3,64.3,Medium,Medium,Medium,0.237,0.144,= Unchanged
STU0445,Tanvi Williams,Mechanical,Consistent,70.7,69.6,-1.0,77.0,49.5,Medium,Medium,Medium,0.008,0.008,= Unchanged
STU0446,Hassan Miller,Mathematics,Struggle,23.5,22.3,-1.2,57.5,64.5,High,High,High,0.995,0.997,= Unchanged
STU0447,Aarav Sharma,Electronics,Consistent,51.9,48.0,-3.9,50.9,72.0,Medium,Medium,Medium,0.298,0.19,= Unchanged
STU0448,Pooja Chaudhary,Mathematics,Late Bloomer,38.2,42.2,4.0,52.5,67.6,High,High,High,0.854,0.685,= Unchanged
STU0449,Emma Chaudhary,Computer Science,Consistent,62.8,48.5,-14.3,77.0,100.0,High,High,Medium,0.682,0.586,= Unchanged
STU0450,Amara Ali,Mathematics,Early Bird,41.0,31.3,-9.7,46.5,34.1,High,High,High,0.917,0.988,= Unchanged
STU0451,Vihaan Ahmed,Mechanical,Consistent,55.2,52.6,-2.6,63.4,68.8,Medium,Medium,Medium,0.413,0.365,= Unchanged
STU0452,Vihaan Verma,Data Science,Consistent,41.7,45.9,4.2,80.9,76.6,High,High,High,0.824,0.626,= Unchanged
STU0453,Leila Miller,Computer Science,Consistent,67.8,66.5,-1.4,47.6,50.6,Medium,Medium,Medium,0.011,0.006,= Unchanged
STU0454,Krishna Williams,Computer Science,,78.0,80.3,2.3,64.6,79.6,Low,Low,Medium,0.003,0.001,= Unchanged
STU0455,Noah Sharma,Mechanical,Consistent,70.9,61.9,-8.9,24.0,35.6,Medium,Medium,Medium,0.09,0.117,= Unchanged
STU0456,Riya Kumar,Mechanical,Struggle,52.8,42.0,-10.8,69.2,65.6,Medium,High,High,0.36,0.624,⬆ Worsened
STU0457,Aarav Johnson,Electronics,Consistent,61.6,51.3,-10.3,62.8,71.9,Medium,High,Medium,0.375,0.567,⬆ Worsened
STU0458,Zara Patel,Data Science,Consistent,30.4,41.6,11.3,59.1,60.1,High,High,High,0.938,0.885,= Unchanged
STU0459,Sneha Smith,Mathematics,Early Bird,39.9,37.3,-2.6,66.7,56.6,Medium,High,High,0.397,0.745,⬆ Worsened
STU0460,Aryan Shah,Electronics,Early Bird,50.2,50.3,0.1,43.6,45.8,Medium,Medium,High,0.239,0.244,= Unchanged
STU0461,Olivia Jones,Mathematics,,56.8,58.4,1.6,63.9,67.3,Medium,Medium,High,0.324,0.304,= Unchanged
STU0462,Krishna Chaudhary,Mathematics,,57.0,57.0,0.0,49.1,52.5,High,High,High,0.899,0.913,= Unchanged
STU0463,Rohan Wilson,Mathematics,Struggle,29.8,27.0,-2.8,66.5,48.2,High,High,High,0.982,0.995,= Unchanged
STU0464,Divya Singh,Electronics,Early Bird,69.1,61.3,-7.8,52.4,56.9,Medium,Medium,Medium,0.007,0.004,= Unchanged
STU0465,Vihaan Kumar,Computer Science,Late Bloomer,62.8,59.3,-3.5,55.2,60.0,Medium,Medium,Medium,0.382,0.175,= Unchanged
STU0466,Fatima Wilson,Mechanical,Late Bloomer,46.7,52.9,6.2,46.5,70.8,High,Medium,Medium,0.657,0.237,⬇ Improved
STU0467,Reyansh Davis,Computer Science,,48.8,45.8,-3.0,29.9,61.1,High,High,High,0.968,0.97,= Unchanged
STU0468,Priya Brown,Data Science,Early Bird,40.4,42.2,1.8,58.0,38.9,High,High,High,0.507,0.772,= Unchanged
STU0469,Fatima Rao,Electronics,Early Bird,73.5,65.9,-7.5,52.6,57.8,Medium,Medium,Medium,0.008,0.01,= Unchanged
STU0470,Sophia Ahmed,Data Science,Consistent,29.2,33.4,4.2,50.3,71.9,High,High,High,0.976,0.958,= Unchanged
STU0471,Hassan Rao,Mechanical,Consistent,59.8,56.2,-3.7,59.0,50.8,Medium,Medium,Medium,0.023,0.025,= Unchanged
STU0472,Mia Siddiqui,Mechanical,,64.5,71.4,6.8,23.8,32.5,Medium,Medium,High,0.054,0.017,= Unchanged
STU0473,Nandini Ali,Civil,Consistent,75.4,80.4,5.1,58.0,59.4,Low,Low,Low,0.001,0.0,= Unchanged
STU0474,Kiran Shah,Data Science,Late Bloomer,59.2,59.7,0.4,82.8,75.4,Medium,Medium,Medium,0.249,0.25,= Unchanged
STU0475,Sophia Brown,Computer Science,Consistent,50.2,52.8,2.6,58.0,55.2,Medium,Medium,Medium,0.453,0.398,= Unchanged
STU0476,Suresh Hassan,Data Science,Comeback,36.6,28.7,-8.0,81.4,74.4,High,High,High,0.786,0.964,= Unchanged
STU0477,Ananya Moore,Electronics,Consistent,48.6,47.2,-1.4,36.9,58.8,High,High,High,0.962,0.958,= Unchanged
STU0478,Rohan Khan,Mechanical,Comeback,37.7,28.0,-9.7,16.7,25.6,High,High,High,0.878,0.976,= Unchanged
STU0479,Sophia Malik,Mechanical,Consistent,60.1,56.5,-3.7,25.0,24.0,Medium,Medium,Medium,0.233,0.171,= Unchanged
STU0480,Lakshmi Ali,Data Science,,49.5,50.9,1.4,62.0,36.7,Medium,Medium,Medium,0.011,0.009,= Unchanged
STU0481,Sneha Gupta,Data Science,Struggle,63.5,44.8,-18.7,58.1,69.2,Medium,High,Medium,0.46,0.81,⬆ Worsened
STU0482,Noor Ali,Mathematics,Consistent,51.7,48.4,-3.3,56.2,63.5,High,High,High,0.588,0.6,= Unchanged
STU0483,Neha Patel,Data Science,Early Bird,78.5,75.4,-3.2,68.9,76.0,Low,Low,Low,0.0,0.0,= Unchanged
STU0484,Isabella Williams,Mathematics,Consistent,57.6,62.4,4.9,62.1,39.0,Medium,Medium,Medium,0.239,0.155,= Unchanged
STU0485,Tanvi Taylor,Electronics,Consistent,70.7,69.2,-1.5,44.3,45.3,Medium,Medium,Low,0.016,0.005,= Unchanged
STU0486,Vihaan Taylor,Electronics,Comeback,54.0,52.2,-1.9,42.4,65.7,Medium,Medium,Medium,0.182,0.185,= Unchanged
STU0487,Suresh Ahmed,Computer Science,Late Bloomer,32.9,41.4,8.5,63.2,79.4,High,High,High,0.944,0.9,= Unchanged
STU0488,Zara Chaudhary,Data Science,Late Bloomer,74.9,77.8,2.9,73.5,52.7,Low,Low,Low,0.007,0.002,= Unchanged
STU0489,Shreya Brown,Computer Science,Consistent,71.9,64.2,-7.7,56.9,66.5,Medium,Medium,Medium,0.016,0.009,= Unchanged
STU0490,Tariq Reddy,Civil,Late Bloomer,65.1,75.1,10.0,61.4,54.1,Medium,Low,Low,0.024,0.003,⬇ Improved
STU0491,Aryan Ansari,Electronics,,37.3,38.3,1.0,65.8,78.9,Medium,Medium,Medium,0.179,0.069,= Unchanged
STU0492,Olivia Jones,Mechanical,Late Bloomer,41.6,53.2,11.6,35.4,40.7,High,High,Medium,0.866,0.575,= Unchanged
STU0493,Kavya Brown,Mathematics,,71.1,60.5,-10.6,51.2,53.3,High,High,High,0.514,0.601,= Unchanged
STU0494,Aryan Verma,Civil,,83.8,87.3,3.5,77.7,61.3,Low,Low,Medium,0.002,0.0,= Unchanged
STU0495,Divya Taylor,Mechanical,Consistent,76.4,72.3,-4.2,41.9,67.9,Low,Low,Low,0.002,0.0,= Unchanged
STU0496,Sneha Malik,Civil,Consistent,64.0,53.4,-10.6,69.8,78.1,Medium,Medium,Medium,0.044,0.039,= Unchanged
STU0497,Arjun Kumar,Computer Science,,50.5,52.6,2.1,45.3,28.3,Medium,Medium,Medium,0.002,0.001,= Unchanged
STU0498,Rahul Rao,Computer Science,Late Bloomer,34.3,47.2,12.9,66.4,47.1,High,High,High,0.966,0.95,= Unchanged
STU0499,Yusuf Rao,Mathematics,Consistent,59.9,57.0,-2.9,34.6,27.1,Medium,Medium,Medium,0.121,0.118,= Unchanged
STU0500,Leila Davis,Electronics,Consistent,79.9,72.6,-7.3,59.2,83.9,Low,Low,Low,0.003,0.0,= Unchanged
