student_id,month,month_label,attendance_pct
STU0001,1,Pre-IT1,52.6
STU0001,2,IT1-to-IT2,53.5
STU0001,3,Pre-Final,47.5
STU0001,4,Final Period,57.9
STU0002,1,Pre-IT1,44.0
STU0002,2,IT1-to-IT2,56.0
STU0002,3,Pre-Final,66.5
STU0002,4,Final Period,65.4
STU0003,1,Pre-IT1,63.5
STU0003,2,IT1-to-IT2,53.7
STU0003,3,Pre-Final,53.8
STU0003,4,Final Period,68.5
STU0004,1,Pre-IT1,53.5
STU0004,2,IT1-to-IT2,70.9
STU0004,3,Pre-Final,71.9
STU0004,4,Final Period,78.3
STU0005,1,Pre-IT1,69.7
STU0005,2,IT1-to-IT2,77.5
STU0005,3,Pre-Final,48.6
STU0005,4,Final Period,58.5
STU0006,1,Pre-IT1,54.4
STU0006,2,IT1-to-IT2,38.9
STU0006,3,Pre-Final,51.6
STU0006,4,Final Period,68.8
STU0007,1,Pre-IT1,53.4
STU0007,2,IT1-to-IT2,52.1
STU0007,3,Pre-Final,57.9
STU0007,4,Final Period,43.9
STU0008,1,Pre-IT1,75.0
STU0008,2,IT1-to-IT2,70.9
STU0008,3,Pre-Final,83.1
STU0008,4,Final Period,68.1
STU0009,1,Pre-IT1,44.1
STU0009,2,IT1-to-IT2,55.1
STU0009,3,Pre-Final,58.8
STU0009,4,Final Period,42.2
STU0010,1,Pre-IT1,61.2
STU0010,2,IT1-to-IT2,71.5
STU0010,3,Pre-Final,69.4
STU0010,4,Final Period,62.3
STU0011,1,Pre-IT1,64.8
STU0011,2,IT1-to-IT2,39.9
STU0011,3,Pre-Final,61.5
STU0011,4,Final Period,62.7
STU0012,1,Pre-IT1,51.2
STU0012,2,IT1-to-IT2,37.2
STU0012,3,Pre-Final,53.6
STU0012,4,Final Period,45.1
STU0013,1,Pre-IT1,56.0
STU0013,2,IT1-to-IT2,52.1
STU0013,3,Pre-Final,48.0
STU0013,4,Final Period,62.2
STU0014,1,Pre-IT1,61.9
STU0014,2,IT1-to-IT2,50.3
STU0014,3,Pre-Final,58.8
STU0014,4,Final Period,45.0
STU0015,1,Pre-IT1,80.9
STU0015,2,IT1-to-IT2,88.1
STU0015,3,Pre-Final,77.7
STU0015,4,Final Period,65.0
STU0016,1,Pre-IT1,89.0
STU0016,2,IT1-to-IT2,69.4
STU0016,3,Pre-Final,61.0
STU0016,4,Final Period,76.5
STU0017,1,Pre-IT1,56.1
STU0017,2,IT1-to-IT2,56.6
STU0017,3,Pre-Final,68.2
STU0017,4,Final Period,55.1
STU0018,1,Pre-IT1,18.4
STU0018,2,IT1-to-IT2,20.4
STU0018,3,Pre-Final,27.5
STU0018,4,Final Period,41.4
STU0019,1,Pre-IT1,66.3
STU0019,2,IT1-to-IT2,72.4
STU0019,3,Pre-Final,59.0
STU0019,4,Final Period,77.6
STU0020,1,Pre-IT1,46.3
STU0020,2,IT1-to-IT2,47.8
STU0020,3,Pre-Final,53.4
STU0020,4,Final Period,52.7
STU0021,1,Pre-IT1,49.4
STU0021,2,IT1-to-IT2,71.8
STU0021,3,Pre-Final,69.7
STU0021,4,Final Period,62.4
STU0022,1,Pre-IT1,56.2
STU0022,2,IT1-to-IT2,67.4
STU0022,3,Pre-Final,61.7
STU0022,4,Final Period,52.5
STU0023,1,Pre-IT1,48.6
STU0023,2,IT1-to-IT2,28.9
STU0023,3,Pre-Final,35.8
STU0023,4,Final Period,62.4
STU0024,1,Pre-IT1,45.7
STU0024,2,IT1-to-IT2,14.0
STU0024,3,Pre-Final,50.9
STU0024,4,Final Period,52.5
STU0025,1,Pre-IT1,52.3
STU0025,2,IT1-to-IT2,64.5
STU0025,3,Pre-Final,45.8
STU0025,4,Final Period,44.2
STU0026,1,Pre-IT1,69.4
STU0026,2,IT1-to-IT2,71.5
STU0026,3,Pre-Final,70.7
STU0026,4,Final Period,42.6
STU0027,1,Pre-IT1,57.0
STU0027,2,IT1-to-IT2,62.3
STU0027,3,Pre-Final,74.2
STU0027,4,Final Period,68.2
STU0028,1,Pre-IT1,71.4
STU0028,2,IT1-to-IT2,67.3
STU0028,3,Pre-Final,53.4
STU0028,4,Final Period,64.5
STU0029,1,Pre-IT1,56.6
STU0029,2,IT1-to-IT2,59.3
STU0029,3,Pre-Final,67.0
STU0029,4,Final Period,53.8
STU0030,1,Pre-IT1,39.9
STU0030,2,IT1-to-IT2,50.9
STU0030,3,Pre-Final,57.0
STU0030,4,Final Period,49.7
STU0031,1,Pre-IT1,67.9
STU0031,2,IT1-to-IT2,41.7
STU0031,3,Pre-Final,76.3
STU0031,4,Final Period,69.1
STU0032,1,Pre-IT1,61.6
STU0032,2,IT1-to-IT2,44.1
STU0032,3,Pre-Final,75.4
STU0032,4,Final Period,67.0
STU0033,1,Pre-IT1,51.9
STU0033,2,IT1-to-IT2,55.9
STU0033,3,Pre-Final,55.3
STU0033,4,Final Period,30.5
STU0034,1,Pre-IT1,68.3
STU0034,2,IT1-to-IT2,78.6
STU0034,3,Pre-Final,79.9
STU0034,4,Final Period,93.0
STU0035,1,Pre-IT1,94.7
STU0035,2,IT1-to-IT2,81.4
STU0035,3,Pre-Final,89.0
STU0035,4,Final Period,97.3
STU0036,1,Pre-IT1,48.2
STU0036,2,IT1-to-IT2,70.7
STU0036,3,Pre-Final,47.5
STU0036,4,Final Period,64.4
STU0037,1,Pre-IT1,52.4
STU0037,2,IT1-to-IT2,47.2
STU0037,3,Pre-Final,51.9
STU0037,4,Final Period,38.0
STU0038,1,Pre-IT1,95.2
STU0038,2,IT1-to-IT2,72.7
STU0038,3,Pre-Final,66.1
STU0038,4,Final Period,76.2
STU0039,1,Pre-IT1,45.3
STU0039,2,IT1-to-IT2,44.4
STU0039,3,Pre-Final,43.3
STU0039,4,Final Period,54.5
STU0040,1,Pre-IT1,62.4
STU0040,2,IT1-to-IT2,62.3
STU0040,3,Pre-Final,79.4
STU0040,4,Final Period,56.1
STU0041,1,Pre-IT1,67.7
STU0041,2,IT1-to-IT2,56.3
STU0041,3,Pre-Final,68.9
STU0041,4,Final Period,56.9
STU0042,1,Pre-IT1,54.3
STU0042,2,IT1-to-IT2,44.7
STU0042,3,Pre-Final,38.8
STU0042,4,Final Period,45.2
STU0043,1,Pre-IT1,62.1
STU0043,2,IT1-to-IT2,66.9
STU0043,3,Pre-Final,78.8
STU0043,4,Final Period,93.3
STU0044,1,Pre-IT1,60.7
STU0044,2,IT1-to-IT2,75.0
STU0044,3,Pre-Final,80.7
STU0044,4,Final Period,82.3
STU0045,1,Pre-IT1,64.8
STU0045,2,IT1-to-IT2,59.0
STU0045,3,Pre-Final,38.8
STU0045,4,Final Period,64.0
STU0046,1,Pre-IT1,65.2
STU0046,2,IT1-to-IT2,46.7
STU0046,3,Pre-Final,52.9
STU0046,4,Final Period,62.3
STU0047,1,Pre-IT1,55.0
STU0047,2,IT1-to-IT2,62.0
STU0047,3,Pre-Final,53.2
STU0047,4,Final Period,50.0
STU0048,1,Pre-IT1,51.3
STU0048,2,IT1-to-IT2,16.4
STU0048,3,Pre-Final,29.9
STU0048,4,Final Period,26.2
STU0049,1,Pre-IT1,50.1
STU0049,2,IT1-to-IT2,63.9
STU0049,3,Pre-Final,42.2
STU0049,4,Final Period,58.6
STU0050,1,Pre-IT1,33.4
STU0050,2,IT1-to-IT2,15.3
STU0050,3,Pre-Final,32.1
STU0050,4,Final Period,33.5
STU0051,1,Pre-IT1,38.7
STU0051,2,IT1-to-IT2,40.7
STU0051,3,Pre-Final,26.4
STU0051,4,Final Period,61.1
STU0052,1,Pre-IT1,69.5
STU0052,2,IT1-to-IT2,66.0
STU0052,3,Pre-Final,69.9
STU0052,4,Final Period,73.0
STU0053,1,Pre-IT1,58.9
STU0053,2,IT1-to-IT2,32.5
STU0053,3,Pre-Final,59.0
STU0053,4,Final Period,71.6
STU0054,1,Pre-IT1,56.1
STU0054,2,IT1-to-IT2,65.3
STU0054,3,Pre-Final,51.0
STU0054,4,Final Period,75.1
STU0055,1,Pre-IT1,32.4
STU0055,2,IT1-to-IT2,44.2
STU0055,3,Pre-Final,31.9
STU0055,4,Final Period,54.0
STU0056,1,Pre-IT1,66.7
STU0056,2,IT1-to-IT2,55.9
STU0056,3,Pre-Final,64.7
STU0056,4,Final Period,65.7
STU0057,1,Pre-IT1,37.2
STU0057,2,IT1-to-IT2,14.0
STU0057,3,Pre-Final,31.0
STU0057,4,Final Period,60.6
STU0058,1,Pre-IT1,67.7
STU0058,2,IT1-to-IT2,35.5
STU0058,3,Pre-Final,66.1
STU0058,4,Final Period,47.5
STU0059,1,Pre-IT1,76.6
STU0059,2,IT1-to-IT2,64.9
STU0059,3,Pre-Final,55.0
STU0059,4,Final Period,53.3
STU0060,1,Pre-IT1,32.1
STU0060,2,IT1-to-IT2,0.0
STU0060,3,Pre-Final,37.8
STU0060,4,Final Period,33.9
STU0061,1,Pre-IT1,51.7
STU0061,2,IT1-to-IT2,63.2
STU0061,3,Pre-Final,79.8
STU0061,4,Final Period,50.7
STU0062,1,Pre-IT1,73.0
STU0062,2,IT1-to-IT2,65.0
STU0062,3,Pre-Final,74.0
STU0062,4,Final Period,83.6
STU0063,1,Pre-IT1,79.8
STU0063,2,IT1-to-IT2,57.9
STU0063,3,Pre-Final,74.4
STU0063,4,Final Period,90.2
STU0064,1,Pre-IT1,44.9
STU0064,2,IT1-to-IT2,68.4
STU0064,3,Pre-Final,64.9
STU0064,4,Final Period,51.1
STU0065,1,Pre-IT1,39.1
STU0065,2,IT1-to-IT2,18.6
STU0065,3,Pre-Final,52.4
STU0065,4,Final Period,40.8
STU0066,1,Pre-IT1,45.8
STU0066,2,IT1-to-IT2,26.5
STU0066,3,Pre-Final,50.5
STU0066,4,Final Period,52.5
STU0067,1,Pre-IT1,47.5
STU0067,2,IT1-to-IT2,70.4
STU0067,3,Pre-Final,69.2
STU0067,4,Final Period,70.2
STU0068,1,Pre-IT1,62.3
STU0068,2,IT1-to-IT2,79.1
STU0068,3,Pre-Final,51.0
STU0068,4,Final Period,42.6
STU0069,1,Pre-IT1,76.1
STU0069,2,IT1-to-IT2,70.1
STU0069,3,Pre-Final,55.7
STU0069,4,Final Period,68.6
STU0070,1,Pre-IT1,71.4
STU0070,2,IT1-to-IT2,44.0
STU0070,3,Pre-Final,56.7
STU0070,4,Final Period,47.4
STU0071,1,Pre-IT1,44.9
STU0071,2,IT1-to-IT2,43.0
STU0071,3,Pre-Final,62.4
STU0071,4,Final Period,60.3
STU0072,1,Pre-IT1,54.3
STU0072,2,IT1-to-IT2,53.5
STU0072,3,Pre-Final,46.3
STU0072,4,Final Period,55.4
STU0073,1,Pre-IT1,55.9
STU0073,2,IT1-to-IT2,71.9
STU0073,3,Pre-Final,72.2
STU0073,4,Final Period,59.1
STU0074,1,Pre-IT1,55.6
STU0074,2,IT1-to-IT2,63.2
STU0074,3,Pre-Final,49.6
STU0074,4,Final Period,54.4
STU0075,1,Pre-IT1,61.2
STU0075,2,IT1-to-IT2,72.2
STU0075,3,Pre-Final,69.3
STU0075,4,Final Period,77.4
STU0076,1,Pre-IT1,36.6
STU0076,2,IT1-to-IT2,63.1
STU0076,3,Pre-Final,61.5
STU0076,4,Final Period,60.9
STU0077,1,Pre-IT1,78.4
STU0077,2,IT1-to-IT2,69.1
STU0077,3,Pre-Final,54.0
STU0077,4,Final Period,67.1
STU0078,1,Pre-IT1,60.3
STU0078,2,IT1-to-IT2,71.1
STU0078,3,Pre-Final,42.2
STU0078,4,Final Period,68.3
STU0079,1,Pre-IT1,42.2
STU0079,2,IT1-to-IT2,44.8
STU0079,3,Pre-Final,55.3
STU0079,4,Final Period,57.3
STU0080,1,Pre-IT1,30.3
STU0080,2,IT1-to-IT2,48.7
STU0080,3,Pre-Final,35.5
STU0080,4,Final Period,42.1
STU0081,1,Pre-IT1,55.6
STU0081,2,IT1-to-IT2,57.4
STU0081,3,Pre-Final,63.2
STU0081,4,Final Period,68.0
STU0082,1,Pre-IT1,77.2
STU0082,2,IT1-to-IT2,73.6
STU0082,3,Pre-Final,71.1
STU0082,4,Final Period,73.1
STU0083,1,Pre-IT1,70.2
STU0083,2,IT1-to-IT2,78.9
STU0083,3,Pre-Final,62.7
STU0083,4,Final Period,59.1
STU0084,1,Pre-IT1,52.4
STU0084,2,IT1-to-IT2,39.8
STU0084,3,Pre-Final,43.4
STU0084,4,Final Period,43.0
STU0085,1,Pre-IT1,64.4
STU0085,2,IT1-to-IT2,58.3
STU0085,3,Pre-Final,41.6
STU0085,4,Final Period,45.1
STU0086,1,Pre-IT1,60.8
STU0086,2,IT1-to-IT2,75.0
STU0086,3,Pre-Final,61.2
STU0086,4,Final Period,74.8
STU0087,1,Pre-IT1,70.1
STU0087,2,IT1-to-IT2,78.2
STU0087,3,Pre-Final,58.9
STU0087,4,Final Period,84.4
STU0088,1,Pre-IT1,70.6
STU0088,2,IT1-to-IT2,68.8
STU0088,3,Pre-Final,70.9
STU0088,4,Final Period,75.2
STU0089,1,Pre-IT1,57.1
STU0089,2,IT1-to-IT2,53.3
STU0089,3,Pre-Final,36.4
STU0089,4,Final Period,58.4
STU0090,1,Pre-IT1,48.8
STU0090,2,IT1-to-IT2,59.1
STU0090,3,Pre-Final,63.8
STU0090,4,Final Period,53.9
STU0091,1,Pre-IT1,68.0
STU0091,2,IT1-to-IT2,67.5
STU0091,3,Pre-Final,62.9
STU0091,4,Final Period,71.8
STU0092,1,Pre-IT1,57.5
STU0092,2,IT1-to-IT2,31.9
STU0092,3,Pre-Final,43.7
STU0092,4,Final Period,44.8
STU0093,1,Pre-IT1,63.1
STU0093,2,IT1-to-IT2,43.4
STU0093,3,Pre-Final,47.0
STU0093,4,Final Period,58.4
STU0094,1,Pre-IT1,54.6
STU0094,2,IT1-to-IT2,37.6
STU0094,3,Pre-Final,39.5
STU0094,4,Final Period,39.4
STU0095,1,Pre-IT1,56.3
STU0095,2,IT1-to-IT2,55.8
STU0095,3,Pre-Final,41.4
STU0095,4,Final Period,62.5
STU0096,1,Pre-IT1,60.0
STU0096,2,IT1-to-IT2,67.3
STU0096,3,Pre-Final,59.4
STU0096,4,Final Period,67.5
STU0097,1,Pre-IT1,65.8
STU0097,2,IT1-to-IT2,75.7
STU0097,3,Pre-Final,58.7
STU0097,4,Final Period,60.1
STU0098,1,Pre-IT1,56.0
STU0098,2,IT1-to-IT2,45.1
STU0098,3,Pre-Final,64.1
STU0098,4,Final Period,41.4
STU0099,1,Pre-IT1,53.9
STU0099,2,IT1-to-IT2,75.1
STU0099,3,Pre-Final,76.6
STU0099,4,Final Period,85.3
STU0100,1,Pre-IT1,56.2
STU0100,2,IT1-to-IT2,71.9
STU0100,3,Pre-Final,59.0
STU0100,4,Final Period,73.8
STU0101,1,Pre-IT1,61.8
STU0101,2,IT1-to-IT2,65.4
STU0101,3,Pre-Final,65.2
STU0101,4,Final Period,65.5
STU0102,1,Pre-IT1,66.0
STU0102,2,IT1-to-IT2,70.3
STU0102,3,Pre-Final,64.8
STU0102,4,Final Period,99.4
STU0103,1,Pre-IT1,69.0
STU0103,2,IT1-to-IT2,79.9
STU0103,3,Pre-Final,66.2
STU0103,4,Final Period,69.8
STU0104,1,Pre-IT1,52.6
STU0104,2,IT1-to-IT2,67.2
STU0104,3,Pre-Final,46.0
STU0104,4,Final Period,51.7
STU0105,1,Pre-IT1,62.4
STU0105,2,IT1-to-IT2,85.9
STU0105,3,Pre-Final,61.8
STU0105,4,Final Period,81.8
STU0106,1,Pre-IT1,64.6
STU0106,2,IT1-to-IT2,62.2
STU0106,3,Pre-Final,58.7
STU0106,4,Final Period,95.1
STU0107,1,Pre-IT1,56.7
STU0107,2,IT1-to-IT2,58.4
STU0107,3,Pre-Final,67.5
STU0107,4,Final Period,54.8
STU0108,1,Pre-IT1,72.2
STU0108,2,IT1-to-IT2,60.3
STU0108,3,Pre-Final,68.5
STU0108,4,Final Period,82.1
STU0109,1,Pre-IT1,62.7
STU0109,2,IT1-to-IT2,54.2
STU0109,3,Pre-Final,62.7
STU0109,4,Final Period,61.7
STU0110,1,Pre-IT1,67.4
STU0110,2,IT1-to-IT2,60.7
STU0110,3,Pre-Final,45.3
STU0110,4,Final Period,61.9
STU0111,1,Pre-IT1,54.0
STU0111,2,IT1-to-IT2,56.0
STU0111,3,Pre-Final,62.1
STU0111,4,Final Period,58.2
STU0112,1,Pre-IT1,52.6
STU0112,2,IT1-to-IT2,44.3
STU0112,3,Pre-Final,56.1
STU0112,4,Final Period,77.9
STU0113,1,Pre-IT1,76.7
STU0113,2,IT1-to-IT2,62.1
STU0113,3,Pre-Final,57.8
STU0113,4,Final Period,80.7
STU0114,1,Pre-IT1,66.6
STU0114,2,IT1-to-IT2,62.6
STU0114,3,Pre-Final,70.6
STU0114,4,Final Period,77.2
STU0115,1,Pre-IT1,59.4
STU0115,2,IT1-to-IT2,51.5
STU0115,3,Pre-Final,64.7
STU0115,4,Final Period,71.1
STU0116,1,Pre-IT1,66.7
STU0116,2,IT1-to-IT2,55.2
STU0116,3,Pre-Final,46.2
STU0116,4,Final Period,43.8
STU0117,1,Pre-IT1,44.8
STU0117,2,IT1-to-IT2,27.6
STU0117,3,Pre-Final,45.3
STU0117,4,Final Period,65.9
STU0118,1,Pre-IT1,60.2
STU0118,2,IT1-to-IT2,60.3
STU0118,3,Pre-Final,60.8
STU0118,4,Final Period,40.4
STU0119,1,Pre-IT1,74.5
STU0119,2,IT1-to-IT2,92.9
STU0119,3,Pre-Final,85.5
STU0119,4,Final Period,87.2
STU0120,1,Pre-IT1,75.3
STU0120,2,IT1-to-IT2,82.0
STU0120,3,Pre-Final,81.1
STU0120,4,Final Period,77.6
STU0121,1,Pre-IT1,43.5
STU0121,2,IT1-to-IT2,47.4
STU0121,3,Pre-Final,39.8
STU0121,4,Final Period,58.2
STU0122,1,Pre-IT1,65.1
STU0122,2,IT1-to-IT2,61.9
STU0122,3,Pre-Final,45.9
STU0122,4,Final Period,48.1
STU0123,1,Pre-IT1,36.8
STU0123,2,IT1-to-IT2,38.6
STU0123,3,Pre-Final,57.3
STU0123,4,Final Period,44.3
STU0124,1,Pre-IT1,53.5
STU0124,2,IT1-to-IT2,28.3
STU0124,3,Pre-Final,72.1
STU0124,4,Final Period,42.9
STU0125,1,Pre-IT1,25.6
STU0125,2,IT1-to-IT2,10.3
STU0125,3,Pre-Final,31.7
STU0125,4,Final Period,27.1
STU0126,1,Pre-IT1,82.7
STU0126,2,IT1-to-IT2,80.6
STU0126,3,Pre-Final,69.6
STU0126,4,Final Period,87.2
STU0127,1,Pre-IT1,44.1
STU0127,2,IT1-to-IT2,49.5
STU0127,3,Pre-Final,68.2
STU0127,4,Final Period,45.0
STU0128,1,Pre-IT1,67.1
STU0128,2,IT1-to-IT2,26.1
STU0128,3,Pre-Final,61.5
STU0128,4,Final Period,59.3
STU0129,1,Pre-IT1,86.9
STU0129,2,IT1-to-IT2,83.6
STU0129,3,Pre-Final,64.4
STU0129,4,Final Period,86.4
STU0130,1,Pre-IT1,31.3
STU0130,2,IT1-to-IT2,10.0
STU0130,3,Pre-Final,13.7
STU0130,4,Final Period,15.6
STU0131,1,Pre-IT1,57.9
STU0131,2,IT1-to-IT2,50.1
STU0131,3,Pre-Final,64.0
STU0131,4,Final Period,55.0
STU0132,1,Pre-IT1,31.8
STU0132,2,IT1-to-IT2,64.1
STU0132,3,Pre-Final,57.4
STU0132,4,Final Period,61.7
STU0133,1,Pre-IT1,80.9
STU0133,2,IT1-to-IT2,76.7
STU0133,3,Pre-Final,64.2
STU0133,4,Final Period,62.9
STU0134,1,Pre-IT1,66.0
STU0134,2,IT1-to-IT2,65.2
STU0134,3,Pre-Final,56.9
STU0134,4,Final Period,59.0
STU0135,1,Pre-IT1,74.8
STU0135,2,IT1-to-IT2,70.5
STU0135,3,Pre-Final,61.3
STU0135,4,Final Period,53.7
STU0136,1,Pre-IT1,46.1
STU0136,2,IT1-to-IT2,50.0
STU0136,3,Pre-Final,65.1
STU0136,4,Final Period,42.0
STU0137,1,Pre-IT1,41.2
STU0137,2,IT1-to-IT2,50.4
STU0137,3,Pre-Final,53.1
STU0137,4,Final Period,58.2
STU0138,1,Pre-IT1,46.8
STU0138,2,IT1-to-IT2,54.0
STU0138,3,Pre-Final,58.8
STU0138,4,Final Period,61.9
STU0139,1,Pre-IT1,46.2
STU0139,2,IT1-to-IT2,33.3
STU0139,3,Pre-Final,55.8
STU0139,4,Final Period,46.5
STU0140,1,Pre-IT1,70.1
STU0140,2,IT1-to-IT2,64.6
STU0140,3,Pre-Final,72.8
STU0140,4,Final Period,72.9
STU0141,1,Pre-IT1,31.3
STU0141,2,IT1-to-IT2,21.6
STU0141,3,Pre-Final,50.1
STU0141,4,Final Period,57.4
STU0142,1,Pre-IT1,43.5
STU0142,2,IT1-to-IT2,64.4
STU0142,3,Pre-Final,76.6
STU0142,4,Final Period,78.1
STU0143,1,Pre-IT1,46.0
STU0143,2,IT1-to-IT2,26.2
STU0143,3,Pre-Final,36.8
STU0143,4,Final Period,45.0
STU0144,1,Pre-IT1,55.8
STU0144,2,IT1-to-IT2,60.5
STU0144,3,Pre-Final,54.0
STU0144,4,Final Period,74.3
STU0145,1,Pre-IT1,76.2
STU0145,2,IT1-to-IT2,63.9
STU0145,3,Pre-Final,70.6
STU0145,4,Final Period,62.5
STU0146,1,Pre-IT1,41.0
STU0146,2,IT1-to-IT2,50.8
STU0146,3,Pre-Final,42.9
STU0146,4,Final Period,42.5
STU0147,1,Pre-IT1,13.4
STU0147,2,IT1-to-IT2,7.1
STU0147,3,Pre-Final,15.7
STU0147,4,Final Period,18.1
STU0148,1,Pre-IT1,65.6
STU0148,2,IT1-to-IT2,17.6
STU0148,3,Pre-Final,50.4
STU0148,4,Final Period,42.9
STU0149,1,Pre-IT1,26.1
STU0149,2,IT1-to-IT2,29.9
STU0149,3,Pre-Final,31.6
STU0149,4,Final Period,31.8
STU0150,1,Pre-IT1,35.3
STU0150,2,IT1-to-IT2,58.0
STU0150,3,Pre-Final,66.3
STU0150,4,Final Period,66.6
STU0151,1,Pre-IT1,64.2
STU0151,2,IT1-to-IT2,55.2
STU0151,3,Pre-Final,47.2
STU0151,4,Final Period,61.8
STU0152,1,Pre-IT1,35.9
STU0152,2,IT1-to-IT2,8.2
STU0152,3,Pre-Final,28.5
STU0152,4,Final Period,39.6
STU0153,1,Pre-IT1,72.8
STU0153,2,IT1-to-IT2,49.0
STU0153,3,Pre-Final,44.3
STU0153,4,Final Period,61.5
STU0154,1,Pre-IT1,57.0
STU0154,2,IT1-to-IT2,46.5
STU0154,3,Pre-Final,63.2
STU0154,4,Final Period,68.8
STU0155,1,Pre-IT1,68.3
STU0155,2,IT1-to-IT2,41.0
STU0155,3,Pre-Final,60.9
STU0155,4,Final Period,75.2
STU0156,1,Pre-IT1,68.7
STU0156,2,IT1-to-IT2,60.5
STU0156,3,Pre-Final,71.5
STU0156,4,Final Period,68.5
STU0157,1,Pre-IT1,63.0
STU0157,2,IT1-to-IT2,63.1
STU0157,3,Pre-Final,74.6
STU0157,4,Final Period,65.4
STU0158,1,Pre-IT1,44.8
STU0158,2,IT1-to-IT2,18.4
STU0158,3,Pre-Final,36.0
STU0158,4,Final Period,47.0
STU0159,1,Pre-IT1,72.6
STU0159,2,IT1-to-IT2,79.7
STU0159,3,Pre-Final,46.6
STU0159,4,Final Period,79.4
STU0160,1,Pre-IT1,53.2
STU0160,2,IT1-to-IT2,64.9
STU0160,3,Pre-Final,56.3
STU0160,4,Final Period,57.6
STU0161,1,Pre-IT1,54.2
STU0161,2,IT1-to-IT2,47.6
STU0161,3,Pre-Final,57.9
STU0161,4,Final Period,75.9
STU0162,1,Pre-IT1,46.5
STU0162,2,IT1-to-IT2,54.3
STU0162,3,Pre-Final,51.4
STU0162,4,Final Period,50.9
STU0163,1,Pre-IT1,38.2
STU0163,2,IT1-to-IT2,52.2
STU0163,3,Pre-Final,50.8
STU0163,4,Final Period,47.4
STU0164,1,Pre-IT1,59.8
STU0164,2,IT1-to-IT2,56.9
STU0164,3,Pre-Final,63.5
STU0164,4,Final Period,61.2
STU0165,1,Pre-IT1,36.0
STU0165,2,IT1-to-IT2,23.3
STU0165,3,Pre-Final,40.0
STU0165,4,Final Period,40.5
STU0166,1,Pre-IT1,60.7
STU0166,2,IT1-to-IT2,84.5
STU0166,3,Pre-Final,64.1
STU0166,4,Final Period,82.3
STU0167,1,Pre-IT1,71.6
STU0167,2,IT1-to-IT2,68.9
STU0167,3,Pre-Final,61.9
STU0167,4,Final Period,72.1
STU0168,1,Pre-IT1,48.6
STU0168,2,IT1-to-IT2,62.3
STU0168,3,Pre-Final,65.0
STU0168,4,Final Period,50.8
STU0169,1,Pre-IT1,35.8
STU0169,2,IT1-to-IT2,17.8
STU0169,3,Pre-Final,25.6
STU0169,4,Final Period,27.4
STU0170,1,Pre-IT1,82.7
STU0170,2,IT1-to-IT2,100.0
STU0170,3,Pre-Final,97.3
STU0170,4,Final Period,100.0
STU0171,1,Pre-IT1,62.9
STU0171,2,IT1-to-IT2,52.9
STU0171,3,Pre-Final,38.2
STU0171,4,Final Period,41.7
STU0172,1,Pre-IT1,50.7
STU0172,2,IT1-to-IT2,60.3
STU0172,3,Pre-Final,61.0
STU0172,4,Final Period,50.1
STU0173,1,Pre-IT1,47.3
STU0173,2,IT1-to-IT2,63.7
STU0173,3,Pre-Final,59.6
STU0173,4,Final Period,60.1
STU0174,1,Pre-IT1,46.3
STU0174,2,IT1-to-IT2,30.9
STU0174,3,Pre-Final,49.8
STU0174,4,Final Period,40.6
STU0175,1,Pre-IT1,47.2
STU0175,2,IT1-to-IT2,59.7
STU0175,3,Pre-Final,52.8
STU0175,4,Final Period,72.6
STU0176,1,Pre-IT1,69.9
STU0176,2,IT1-to-IT2,69.4
STU0176,3,Pre-Final,57.9
STU0176,4,Final Period,68.7
STU0177,1,Pre-IT1,44.9
STU0177,2,IT1-to-IT2,31.7
STU0177,3,Pre-Final,47.5
STU0177,4,Final Period,30.7
STU0178,1,Pre-IT1,61.4
STU0178,2,IT1-to-IT2,56.3
STU0178,3,Pre-Final,57.5
STU0178,4,Final Period,55.2
STU0179,1,Pre-IT1,54.8
STU0179,2,IT1-to-IT2,52.5
STU0179,3,Pre-Final,73.3
STU0179,4,Final Period,65.0
STU0180,1,Pre-IT1,69.2
STU0180,2,IT1-to-IT2,72.9
STU0180,3,Pre-Final,76.4
STU0180,4,Final Period,76.1
STU0181,1,Pre-IT1,52.6
STU0181,2,IT1-to-IT2,53.5
STU0181,3,Pre-Final,63.5
STU0181,4,Final Period,55.7
STU0182,1,Pre-IT1,65.1
STU0182,2,IT1-to-IT2,44.7
STU0182,3,Pre-Final,69.9
STU0182,4,Final Period,60.8
STU0183,1,Pre-IT1,50.7
STU0183,2,IT1-to-IT2,69.3
STU0183,3,Pre-Final,48.4
STU0183,4,Final Period,51.4
STU0184,1,Pre-IT1,65.6
STU0184,2,IT1-to-IT2,64.6
STU0184,3,Pre-Final,64.5
STU0184,4,Final Period,77.9
STU0185,1,Pre-IT1,51.3
STU0185,2,IT1-to-IT2,27.9
STU0185,3,Pre-Final,51.1
STU0185,4,Final Period,38.1
STU0186,1,Pre-IT1,32.8
STU0186,2,IT1-to-IT2,61.2
STU0186,3,Pre-Final,38.6
STU0186,4,Final Period,28.7
STU0187,1,Pre-IT1,57.7
STU0187,2,IT1-to-IT2,35.0
STU0187,3,Pre-Final,53.7
STU0187,4,Final Period,36.6
STU0188,1,Pre-IT1,56.4
STU0188,2,IT1-to-IT2,11.2
STU0188,3,Pre-Final,56.0
STU0188,4,Final Period,45.8
STU0189,1,Pre-IT1,54.5
STU0189,2,IT1-to-IT2,48.0
STU0189,3,Pre-Final,63.5
STU0189,4,Final Period,60.4
STU0190,1,Pre-IT1,60.1
STU0190,2,IT1-to-IT2,72.3
STU0190,3,Pre-Final,58.9
STU0190,4,Final Period,62.9
STU0191,1,Pre-IT1,45.0
STU0191,2,IT1-to-IT2,57.6
STU0191,3,Pre-Final,60.7
STU0191,4,Final Period,57.5
STU0192,1,Pre-IT1,73.1
STU0192,2,IT1-to-IT2,77.9
STU0192,3,Pre-Final,74.3
STU0192,4,Final Period,87.2
STU0193,1,Pre-IT1,32.3
STU0193,2,IT1-to-IT2,59.2
STU0193,3,Pre-Final,45.4
STU0193,4,Final Period,59.8
STU0194,1,Pre-IT1,65.7
STU0194,2,IT1-to-IT2,58.6
STU0194,3,Pre-Final,64.2
STU0194,4,Final Period,68.9
STU0195,1,Pre-IT1,47.2
STU0195,2,IT1-to-IT2,22.5
STU0195,3,Pre-Final,42.2
STU0195,4,Final Period,47.8
STU0196,1,Pre-IT1,71.9
STU0196,2,IT1-to-IT2,70.5
STU0196,3,Pre-Final,55.6
STU0196,4,Final Period,79.3
STU0197,1,Pre-IT1,49.4
STU0197,2,IT1-to-IT2,58.1
STU0197,3,Pre-Final,64.9
STU0197,4,Final Period,68.2
STU0198,1,Pre-IT1,63.9
STU0198,2,IT1-to-IT2,64.0
STU0198,3,Pre-Final,61.8
STU0198,4,Final Period,59.3
STU0199,1,Pre-IT1,53.0
STU0199,2,IT1-to-IT2,30.6
STU0199,3,Pre-Final,39.1
STU0199,4,Final Period,55.9
STU0200,1,Pre-IT1,65.1
STU0200,2,IT1-to-IT2,69.5
STU0200,3,Pre-Final,68.4
STU0200,4,Final Period,62.0
STU0201,1,Pre-IT1,60.4
STU0201,2,IT1-to-IT2,53.6
STU0201,3,Pre-Final,66.5
STU0201,4,Final Period,75.2
STU0202,1,Pre-IT1,43.3
STU0202,2,IT1-to-IT2,34.4
STU0202,3,Pre-Final,76.0
STU0202,4,Final Period,58.8
STU0203,1,Pre-IT1,36.9
STU0203,2,IT1-to-IT2,57.3
STU0203,3,Pre-Final,38.0
STU0203,4,Final Period,37.2
STU0204,1,Pre-IT1,63.4
STU0204,2,IT1-to-IT2,64.9
STU0204,3,Pre-Final,61.9
STU0204,4,Final Period,71.2
STU0205,1,Pre-IT1,55.2
STU0205,2,IT1-to-IT2,72.1
STU0205,3,Pre-Final,53.1
STU0205,4,Final Period,64.9
STU0206,1,Pre-IT1,55.6
STU0206,2,IT1-to-IT2,72.1
STU0206,3,Pre-Final,65.1
STU0206,4,Final Period,64.8
STU0207,1,Pre-IT1,49.9
STU0207,2,IT1-to-IT2,51.6
STU0207,3,Pre-Final,65.9
STU0207,4,Final Period,63.5
STU0208,1,Pre-IT1,47.1
STU0208,2,IT1-to-IT2,49.5
STU0208,3,Pre-Final,34.7
STU0208,4,Final Period,51.9
STU0209,1,Pre-IT1,65.7
STU0209,2,IT1-to-IT2,47.0
STU0209,3,Pre-Final,66.9
STU0209,4,Final Period,60.0
STU0210,1,Pre-IT1,49.1
STU0210,2,IT1-to-IT2,32.7
STU0210,3,Pre-Final,40.4
STU0210,4,Final Period,34.1
STU0211,1,Pre-IT1,45.7
STU0211,2,IT1-to-IT2,40.0
STU0211,3,Pre-Final,51.1
STU0211,4,Final Period,46.7
STU0212,1,Pre-IT1,20.8
STU0212,2,IT1-to-IT2,40.0
STU0212,3,Pre-Final,27.5
STU0212,4,Final Period,43.2
STU0213,1,Pre-IT1,72.2
STU0213,2,IT1-to-IT2,68.0
STU0213,3,Pre-Final,62.0
STU0213,4,Final Period,62.9
STU0214,1,Pre-IT1,74.2
STU0214,2,IT1-to-IT2,82.4
STU0214,3,Pre-Final,80.3
STU0214,4,Final Period,100.0
STU0215,1,Pre-IT1,44.6
STU0215,2,IT1-to-IT2,49.2
STU0215,3,Pre-Final,46.9
STU0215,4,Final Period,48.1
STU0216,1,Pre-IT1,52.9
STU0216,2,IT1-to-IT2,50.0
STU0216,3,Pre-Final,54.2
STU0216,4,Final Period,62.7
STU0217,1,Pre-IT1,60.8
STU0217,2,IT1-to-IT2,45.9
STU0217,3,Pre-Final,45.7
STU0217,4,Final Period,53.6
STU0218,1,Pre-IT1,70.3
STU0218,2,IT1-to-IT2,68.2
STU0218,3,Pre-Final,62.1
STU0218,4,Final Period,64.1
STU0219,1,Pre-IT1,69.4
STU0219,2,IT1-to-IT2,66.9
STU0219,3,Pre-Final,73.1
STU0219,4,Final Period,74.3
STU0220,1,Pre-IT1,72.9
STU0220,2,IT1-to-IT2,59.5
STU0220,3,Pre-Final,65.8
STU0220,4,Final Period,84.7
STU0221,1,Pre-IT1,60.2
STU0221,2,IT1-to-IT2,17.8
STU0221,3,Pre-Final,24.2
STU0221,4,Final Period,41.7
STU0222,1,Pre-IT1,65.8
STU0222,2,IT1-to-IT2,57.8
STU0222,3,Pre-Final,65.2
STU0222,4,Final Period,75.7
STU0223,1,Pre-IT1,69.4
STU0223,2,IT1-to-IT2,58.7
STU0223,3,Pre-Final,58.8
STU0223,4,Final Period,56.6
STU0224,1,Pre-IT1,68.0
STU0224,2,IT1-to-IT2,45.2
STU0224,3,Pre-Final,43.1
STU0224,4,Final Period,75.6
STU0225,1,Pre-IT1,56.5
STU0225,2,IT1-to-IT2,47.6
STU0225,3,Pre-Final,70.2
STU0225,4,Final Period,90.1
STU0226,1,Pre-IT1,25.3
STU0226,2,IT1-to-IT2,19.5
STU0226,3,Pre-Final,40.8
STU0226,4,Final Period,49.4
STU0227,1,Pre-IT1,74.7
STU0227,2,IT1-to-IT2,60.2
STU0227,3,Pre-Final,63.2
STU0227,4,Final Period,65.5
STU0228,1,Pre-IT1,49.9
STU0228,2,IT1-to-IT2,31.8
STU0228,3,Pre-Final,69.1
STU0228,4,Final Period,40.2
STU0229,1,Pre-IT1,82.1
STU0229,2,IT1-to-IT2,67.6
STU0229,3,Pre-Final,79.9
STU0229,4,Final Period,59.8
STU0230,1,Pre-IT1,60.6
STU0230,2,IT1-to-IT2,53.0
STU0230,3,Pre-Final,51.5
STU0230,4,Final Period,58.1
STU0231,1,Pre-IT1,66.6
STU0231,2,IT1-to-IT2,56.6
STU0231,3,Pre-Final,58.6
STU0231,4,Final Period,50.8
STU0232,1,Pre-IT1,53.3
STU0232,2,IT1-to-IT2,25.0
STU0232,3,Pre-Final,37.2
STU0232,4,Final Period,35.1
STU0233,1,Pre-IT1,66.1
STU0233,2,IT1-to-IT2,57.8
STU0233,3,Pre-Final,50.5
STU0233,4,Final Period,52.0
STU0234,1,Pre-IT1,52.7
STU0234,2,IT1-to-IT2,65.3
STU0234,3,Pre-Final,64.5
STU0234,4,Final Period,82.8
STU0235,1,Pre-IT1,51.4
STU0235,2,IT1-to-IT2,46.7
STU0235,3,Pre-Final,53.3
STU0235,4,Final Period,53.8
STU0236,1,Pre-IT1,64.1
STU0236,2,IT1-to-IT2,49.3
STU0236,3,Pre-Final,63.7
STU0236,4,Final Period,60.4
STU0237,1,Pre-IT1,30.8
STU0237,2,IT1-to-IT2,17.0
STU0237,3,Pre-Final,25.4
STU0237,4,Final Period,45.2
STU0238,1,Pre-IT1,68.0
STU0238,2,IT1-to-IT2,63.0
STU0238,3,Pre-Final,66.1
STU0238,4,Final Period,76.7
STU0239,1,Pre-IT1,65.0
STU0239,2,IT1-to-IT2,64.3
STU0239,3,Pre-Final,89.1
STU0239,4,Final Period,56.3
STU0240,1,Pre-IT1,46.2
STU0240,2,IT1-to-IT2,39.2
STU0240,3,Pre-Final,50.1
STU0240,4,Final Period,26.2
STU0241,1,Pre-IT1,53.7
STU0241,2,IT1-to-IT2,59.7
STU0241,3,Pre-Final,51.9
STU0241,4,Final Period,60.3
STU0242,1,Pre-IT1,73.3
STU0242,2,IT1-to-IT2,84.4
STU0242,3,Pre-Final,78.0
STU0242,4,Final Period,84.5
STU0243,1,Pre-IT1,50.4
STU0243,2,IT1-to-IT2,76.4
STU0243,3,Pre-Final,60.6
STU0243,4,Final Period,73.2
STU0244,1,Pre-IT1,61.1
STU0244,2,IT1-to-IT2,74.8
STU0244,3,Pre-Final,64.0
STU0244,4,Final Period,65.9
STU0245,1,Pre-IT1,69.8
STU0245,2,IT1-to-IT2,71.2
STU0245,3,Pre-Final,55.7
STU0245,4,Final Period,55.4
STU0246,1,Pre-IT1,39.2
STU0246,2,IT1-to-IT2,25.1
STU0246,3,Pre-Final,45.1
STU0246,4,Final Period,38.9
STU0247,1,Pre-IT1,50.7
STU0247,2,IT1-to-IT2,33.8
STU0247,3,Pre-Final,36.0
STU0247,4,Final Period,65.6
STU0248,1,Pre-IT1,43.6
STU0248,2,IT1-to-IT2,63.0
STU0248,3,Pre-Final,57.2
STU0248,4,Final Period,57.9
STU0249,1,Pre-IT1,41.4
STU0249,2,IT1-to-IT2,50.0
STU0249,3,Pre-Final,47.4
STU0249,4,Final Period,36.7
STU0250,1,Pre-IT1,48.3
STU0250,2,IT1-to-IT2,69.4
STU0250,3,Pre-Final,60.6
STU0250,4,Final Period,67.0
STU0251,1,Pre-IT1,65.1
STU0251,2,IT1-to-IT2,49.1
STU0251,3,Pre-Final,37.2
STU0251,4,Final Period,43.8
STU0252,1,Pre-IT1,61.8
STU0252,2,IT1-to-IT2,64.5
STU0252,3,Pre-Final,62.5
STU0252,4,Final Period,72.7
STU0253,1,Pre-IT1,45.2
STU0253,2,IT1-to-IT2,29.8
STU0253,3,Pre-Final,50.8
STU0253,4,Final Period,52.1
STU0254,1,Pre-IT1,50.1
STU0254,2,IT1-to-IT2,45.4
STU0254,3,Pre-Final,46.6
STU0254,4,Final Period,48.7
STU0255,1,Pre-IT1,57.9
STU0255,2,IT1-to-IT2,55.6
STU0255,3,Pre-Final,61.9
STU0255,4,Final Period,45.7
STU0256,1,Pre-IT1,57.9
STU0256,2,IT1-to-IT2,62.1
STU0256,3,Pre-Final,65.3
STU0256,4,Final Period,87.2
STU0257,1,Pre-IT1,60.9
STU0257,2,IT1-to-IT2,56.6
STU0257,3,Pre-Final,78.3
STU0257,4,Final Period,33.8
STU0258,1,Pre-IT1,29.1
STU0258,2,IT1-to-IT2,44.9
STU0258,3,Pre-Final,47.4
STU0258,4,Final Period,47.4
STU0259,1,Pre-IT1,56.3
STU0259,2,IT1-to-IT2,48.2
STU0259,3,Pre-Final,35.9
STU0259,4,Final Period,45.4
STU0260,1,Pre-IT1,41.0
STU0260,2,IT1-to-IT2,49.7
STU0260,3,Pre-Final,39.2
STU0260,4,Final Period,63.9
STU0261,1,Pre-IT1,56.2
STU0261,2,IT1-to-IT2,44.4
STU0261,3,Pre-Final,58.5
STU0261,4,Final Period,60.9
STU0262,1,Pre-IT1,26.2
STU0262,2,IT1-to-IT2,36.6
STU0262,3,Pre-Final,47.9
STU0262,4,Final Period,34.2
STU0263,1,Pre-IT1,49.9
STU0263,2,IT1-to-IT2,56.9
STU0263,3,Pre-Final,63.4
STU0263,4,Final Period,90.0
STU0264,1,Pre-IT1,68.6
STU0264,2,IT1-to-IT2,50.3
STU0264,3,Pre-Final,67.8
STU0264,4,Final Period,62.8
STU0265,1,Pre-IT1,46.6
STU0265,2,IT1-to-IT2,61.8
STU0265,3,Pre-Final,65.0
STU0265,4,Final Period,72.4
STU0266,1,Pre-IT1,18.1
STU0266,2,IT1-to-IT2,8.8
STU0266,3,Pre-Final,20.2
STU0266,4,Final Period,11.9
STU0267,1,Pre-IT1,53.7
STU0267,2,IT1-to-IT2,72.1
STU0267,3,Pre-Final,61.0
STU0267,4,Final Period,82.5
STU0268,1,Pre-IT1,15.5
STU0268,2,IT1-to-IT2,35.6
STU0268,3,Pre-Final,40.0
STU0268,4,Final Period,32.3
STU0269,1,Pre-IT1,39.1
STU0269,2,IT1-to-IT2,37.5
STU0269,3,Pre-Final,37.6
STU0269,4,Final Period,45.0
STU0270,1,Pre-IT1,54.1
STU0270,2,IT1-to-IT2,49.1
STU0270,3,Pre-Final,59.9
STU0270,4,Final Period,59.0
STU0271,1,Pre-IT1,56.9
STU0271,2,IT1-to-IT2,54.3
STU0271,3,Pre-Final,65.7
STU0271,4,Final Period,70.3
STU0272,1,Pre-IT1,64.3
STU0272,2,IT1-to-IT2,73.8
STU0272,3,Pre-Final,77.6
STU0272,4,Final Period,82.4
STU0273,1,Pre-IT1,76.7
STU0273,2,IT1-to-IT2,36.4
STU0273,3,Pre-Final,67.2
STU0273,4,Final Period,64.9
STU0274,1,Pre-IT1,55.7
STU0274,2,IT1-to-IT2,50.6
STU0274,3,Pre-Final,55.1
STU0274,4,Final Period,42.1
STU0275,1,Pre-IT1,62.0
STU0275,2,IT1-to-IT2,48.2
STU0275,3,Pre-Final,47.2
STU0275,4,Final Period,60.0
STU0276,1,Pre-IT1,53.3
STU0276,2,IT1-to-IT2,42.4
STU0276,3,Pre-Final,61.8
STU0276,4,Final Period,61.6
STU0277,1,Pre-IT1,65.4
STU0277,2,IT1-to-IT2,53.2
STU0277,3,Pre-Final,63.9
STU0277,4,Final Period,68.1
STU0278,1,Pre-IT1,71.2
STU0278,2,IT1-to-IT2,50.4
STU0278,3,Pre-Final,56.6
STU0278,4,Final Period,53.0
STU0279,1,Pre-IT1,53.4
STU0279,2,IT1-to-IT2,41.6
STU0279,3,Pre-Final,53.8
STU0279,4,Final Period,48.4
STU0280,1,Pre-IT1,28.1
STU0280,2,IT1-to-IT2,27.9
STU0280,3,Pre-Final,43.1
STU0280,4,Final Period,50.3
STU0281,1,Pre-IT1,54.8
STU0281,2,IT1-to-IT2,61.5
STU0281,3,Pre-Final,55.6
STU0281,4,Final Period,54.0
STU0282,1,Pre-IT1,22.3
STU0282,2,IT1-to-IT2,0.0
STU0282,3,Pre-Final,32.0
STU0282,4,Final Period,41.9
STU0283,1,Pre-IT1,40.8
STU0283,2,IT1-to-IT2,32.9
STU0283,3,Pre-Final,58.3
STU0283,4,Final Period,51.0
STU0284,1,Pre-IT1,81.7
STU0284,2,IT1-to-IT2,56.9
STU0284,3,Pre-Final,68.0
STU0284,4,Final Period,57.7
STU0285,1,Pre-IT1,82.3
STU0285,2,IT1-to-IT2,55.4
STU0285,3,Pre-Final,80.0
STU0285,4,Final Period,85.5
STU0286,1,Pre-IT1,69.3
STU0286,2,IT1-to-IT2,66.3
STU0286,3,Pre-Final,68.2
STU0286,4,Final Period,56.8
STU0287,1,Pre-IT1,57.3
STU0287,2,IT1-to-IT2,52.5
STU0287,3,Pre-Final,65.7
STU0287,4,Final Period,88.1
STU0288,1,Pre-IT1,82.0
STU0288,2,IT1-to-IT2,46.9
STU0288,3,Pre-Final,56.4
STU0288,4,Final Period,70.2
STU0289,1,Pre-IT1,62.7
STU0289,2,IT1-to-IT2,61.9
STU0289,3,Pre-Final,66.0
STU0289,4,Final Period,56.1
STU0290,1,Pre-IT1,66.9
STU0290,2,IT1-to-IT2,49.4
STU0290,3,Pre-Final,56.8
STU0290,4,Final Period,60.0
STU0291,1,Pre-IT1,62.3
STU0291,2,IT1-to-IT2,61.0
STU0291,3,Pre-Final,57.3
STU0291,4,Final Period,60.7
STU0292,1,Pre-IT1,48.6
STU0292,2,IT1-to-IT2,20.2
STU0292,3,Pre-Final,43.6
STU0292,4,Final Period,34.8
STU0293,1,Pre-IT1,67.7
STU0293,2,IT1-to-IT2,52.3
STU0293,3,Pre-Final,48.4
STU0293,4,Final Period,51.5
STU0294,1,Pre-IT1,68.2
STU0294,2,IT1-to-IT2,60.6
STU0294,3,Pre-Final,68.3
STU0294,4,Final Period,70.8
STU0295,1,Pre-IT1,54.4
STU0295,2,IT1-to-IT2,56.5
STU0295,3,Pre-Final,60.6
STU0295,4,Final Period,46.4
STU0296,1,Pre-IT1,62.5
STU0296,2,IT1-to-IT2,50.1
STU0296,3,Pre-Final,63.6
STU0296,4,Final Period,61.9
STU0297,1,Pre-IT1,56.6
STU0297,2,IT1-to-IT2,6.0
STU0297,3,Pre-Final,49.4
STU0297,4,Final Period,44.6
STU0298,1,Pre-IT1,75.2
STU0298,2,IT1-to-IT2,78.9
STU0298,3,Pre-Final,86.2
STU0298,4,Final Period,82.4
STU0299,1,Pre-IT1,24.6
STU0299,2,IT1-to-IT2,45.1
STU0299,3,Pre-Final,24.5
STU0299,4,Final Period,30.9
STU0300,1,Pre-IT1,70.4
STU0300,2,IT1-to-IT2,52.7
STU0300,3,Pre-Final,66.6
STU0300,4,Final Period,77.1
STU0301,1,Pre-IT1,50.3
STU0301,2,IT1-to-IT2,52.1
STU0301,3,Pre-Final,46.0
STU0301,4,Final Period,38.9
STU0302,1,Pre-IT1,59.9
STU0302,2,IT1-to-IT2,63.3
STU0302,3,Pre-Final,62.5
STU0302,4,Final Period,89.0
STU0303,1,Pre-IT1,58.3
STU0303,2,IT1-to-IT2,66.3
STU0303,3,Pre-Final,68.1
STU0303,4,Final Period,60.3
STU0304,1,Pre-IT1,54.6
STU0304,2,IT1-to-IT2,41.3
STU0304,3,Pre-Final,42.5
STU0304,4,Final Period,33.3
STU0305,1,Pre-IT1,63.1
STU0305,2,IT1-to-IT2,74.6
STU0305,3,Pre-Final,68.6
STU0305,4,Final Period,62.6
STU0306,1,Pre-IT1,53.3
STU0306,2,IT1-to-IT2,68.9
STU0306,3,Pre-Final,77.0
STU0306,4,Final Period,70.3
STU0307,1,Pre-IT1,81.2
STU0307,2,IT1-to-IT2,71.1
STU0307,3,Pre-Final,54.6
STU0307,4,Final Period,59.0
STU0308,1,Pre-IT1,62.2
STU0308,2,IT1-to-IT2,37.6
STU0308,3,Pre-Final,61.6
STU0308,4,Final Period,55.5
STU0309,1,Pre-IT1,52.9
STU0309,2,IT1-to-IT2,54.4
STU0309,3,Pre-Final,57.7
STU0309,4,Final Period,52.2
STU0310,1,Pre-IT1,64.7
STU0310,2,IT1-to-IT2,62.8
STU0310,3,Pre-Final,57.6
STU0310,4,Final Period,71.7
STU0311,1,Pre-IT1,63.5
STU0311,2,IT1-to-IT2,53.7
STU0311,3,Pre-Final,62.9
STU0311,4,Final Period,60.0
STU0312,1,Pre-IT1,58.5
STU0312,2,IT1-to-IT2,65.1
STU0312,3,Pre-Final,49.7
STU0312,4,Final Period,55.8
STU0313,1,Pre-IT1,26.4
STU0313,2,IT1-to-IT2,21.1
STU0313,3,Pre-Final,45.2
STU0313,4,Final Period,37.4
STU0314,1,Pre-IT1,50.5
STU0314,2,IT1-to-IT2,28.0
STU0314,3,Pre-Final,45.8
STU0314,4,Final Period,60.8
STU0315,1,Pre-IT1,40.0
STU0315,2,IT1-to-IT2,30.2
STU0315,3,Pre-Final,37.6
STU0315,4,Final Period,33.4
STU0316,1,Pre-IT1,51.6
STU0316,2,IT1-to-IT2,52.5
STU0316,3,Pre-Final,59.8
STU0316,4,Final Period,64.7
STU0317,1,Pre-IT1,40.8
STU0317,2,IT1-to-IT2,20.6
STU0317,3,Pre-Final,34.9
STU0317,4,Final Period,41.0
STU0318,1,Pre-IT1,78.3
STU0318,2,IT1-to-IT2,73.4
STU0318,3,Pre-Final,88.4
STU0318,4,Final Period,84.4
STU0319,1,Pre-IT1,54.5
STU0319,2,IT1-to-IT2,49.0
STU0319,3,Pre-Final,48.9
STU0319,4,Final Period,50.6
STU0320,1,Pre-IT1,50.8
STU0320,2,IT1-to-IT2,65.3
STU0320,3,Pre-Final,52.3
STU0320,4,Final Period,66.5
STU0321,1,Pre-IT1,43.7
STU0321,2,IT1-to-IT2,13.1
STU0321,3,Pre-Final,39.3
STU0321,4,Final Period,21.8
STU0322,1,Pre-IT1,48.4
STU0322,2,IT1-to-IT2,30.1
STU0322,3,Pre-Final,43.5
STU0322,4,Final Period,41.6
STU0323,1,Pre-IT1,40.0
STU0323,2,IT1-to-IT2,55.7
STU0323,3,Pre-Final,54.4
STU0323,4,Final Period,61.1
STU0324,1,Pre-IT1,85.2
STU0324,2,IT1-to-IT2,62.1
STU0324,3,Pre-Final,69.0
STU0324,4,Final Period,60.5
STU0325,1,Pre-IT1,64.6
STU0325,2,IT1-to-IT2,66.6
STU0325,3,Pre-Final,64.8
STU0325,4,Final Period,59.9
STU0326,1,Pre-IT1,57.4
STU0326,2,IT1-to-IT2,68.2
STU0326,3,Pre-Final,60.0
STU0326,4,Final Period,63.4
STU0327,1,Pre-IT1,44.2
STU0327,2,IT1-to-IT2,46.5
STU0327,3,Pre-Final,37.2
STU0327,4,Final Period,21.6
STU0328,1,Pre-IT1,43.5
STU0328,2,IT1-to-IT2,69.9
STU0328,3,Pre-Final,58.9
STU0328,4,Final Period,63.3
STU0329,1,Pre-IT1,71.5
STU0329,2,IT1-to-IT2,58.1
STU0329,3,Pre-Final,59.3
STU0329,4,Final Period,46.6
STU0330,1,Pre-IT1,22.7
STU0330,2,IT1-to-IT2,0.7
STU0330,3,Pre-Final,18.7
STU0330,4,Final Period,22.8
STU0331,1,Pre-IT1,70.7
STU0331,2,IT1-to-IT2,69.2
STU0331,3,Pre-Final,72.0
STU0331,4,Final Period,81.8
STU0332,1,Pre-IT1,41.9
STU0332,2,IT1-to-IT2,65.4
STU0332,3,Pre-Final,56.2
STU0332,4,Final Period,49.3
STU0333,1,Pre-IT1,35.8
STU0333,2,IT1-to-IT2,0.0
STU0333,3,Pre-Final,41.4
STU0333,4,Final Period,44.5
STU0334,1,Pre-IT1,72.2
STU0334,2,IT1-to-IT2,61.7
STU0334,3,Pre-Final,63.5
STU0334,4,Final Period,76.3
STU0335,1,Pre-IT1,69.9
STU0335,2,IT1-to-IT2,55.1
STU0335,3,Pre-Final,55.0
STU0335,4,Final Period,79.9
STU0336,1,Pre-IT1,67.7
STU0336,2,IT1-to-IT2,57.7
STU0336,3,Pre-Final,54.1
STU0336,4,Final Period,63.6
STU0337,1,Pre-IT1,63.2
STU0337,2,IT1-to-IT2,65.7
STU0337,3,Pre-Final,56.4
STU0337,4,Final Period,72.9
STU0338,1,Pre-IT1,68.6
STU0338,2,IT1-to-IT2,56.6
STU0338,3,Pre-Final,46.8
STU0338,4,Final Period,44.9
STU0339,1,Pre-IT1,44.7
STU0339,2,IT1-to-IT2,72.2
STU0339,3,Pre-Final,42.9
STU0339,4,Final Period,56.7
STU0340,1,Pre-IT1,60.4
STU0340,2,IT1-to-IT2,90.4
STU0340,3,Pre-Final,62.2
STU0340,4,Final Period,53.0
STU0341,1,Pre-IT1,54.3
STU0341,2,IT1-to-IT2,60.4
STU0341,3,Pre-Final,60.5
STU0341,4,Final Period,44.3
STU0342,1,Pre-IT1,62.3
STU0342,2,IT1-to-IT2,58.9
STU0342,3,Pre-Final,58.9
STU0342,4,Final Period,88.4
STU0343,1,Pre-IT1,57.6
STU0343,2,IT1-to-IT2,66.6
STU0343,3,Pre-Final,66.1
STU0343,4,Final Period,70.2
STU0344,1,Pre-IT1,64.3
STU0344,2,IT1-to-IT2,89.5
STU0344,3,Pre-Final,63.8
STU0344,4,Final Period,57.4
STU0345,1,Pre-IT1,67.7
STU0345,2,IT1-to-IT2,56.8
STU0345,3,Pre-Final,51.0
STU0345,4,Final Period,52.9
STU0346,1,Pre-IT1,55.8
STU0346,2,IT1-to-IT2,63.4
STU0346,3,Pre-Final,66.6
STU0346,4,Final Period,74.9
STU0347,1,Pre-IT1,34.0
STU0347,2,IT1-to-IT2,61.6
STU0347,3,Pre-Final,44.7
STU0347,4,Final Period,50.2
STU0348,1,Pre-IT1,50.5
STU0348,2,IT1-to-IT2,67.6
STU0348,3,Pre-Final,50.9
STU0348,4,Final Period,51.1
STU0349,1,Pre-IT1,56.1
STU0349,2,IT1-to-IT2,58.7
STU0349,3,Pre-Final,37.5
STU0349,4,Final Period,55.1
STU0350,1,Pre-IT1,34.9
STU0350,2,IT1-to-IT2,15.8
STU0350,3,Pre-Final,48.9
STU0350,4,Final Period,17.4
STU0351,1,Pre-IT1,57.9
STU0351,2,IT1-to-IT2,60.2
STU0351,3,Pre-Final,69.4
STU0351,4,Final Period,52.3
STU0352,1,Pre-IT1,61.6
STU0352,2,IT1-to-IT2,61.4
STU0352,3,Pre-Final,61.4
STU0352,4,Final Period,67.9
STU0353,1,Pre-IT1,54.7
STU0353,2,IT1-to-IT2,41.0
STU0353,3,Pre-Final,42.9
STU0353,4,Final Period,58.6
STU0354,1,Pre-IT1,40.3
STU0354,2,IT1-to-IT2,53.6
STU0354,3,Pre-Final,48.5
STU0354,4,Final Period,58.0
STU0355,1,Pre-IT1,62.3
STU0355,2,IT1-to-IT2,42.1
STU0355,3,Pre-Final,50.9
STU0355,4,Final Period,78.1
STU0356,1,Pre-IT1,38.6
STU0356,2,IT1-to-IT2,51.8
STU0356,3,Pre-Final,47.9
STU0356,4,Final Period,57.5
STU0357,1,Pre-IT1,60.1
STU0357,2,IT1-to-IT2,65.1
STU0357,3,Pre-Final,58.8
STU0357,4,Final Period,77.2
STU0358,1,Pre-IT1,100.0
STU0358,2,IT1-to-IT2,82.2
STU0358,3,Pre-Final,72.2
STU0358,4,Final Period,76.6
STU0359,1,Pre-IT1,26.2
STU0359,2,IT1-to-IT2,20.8
STU0359,3,Pre-Final,57.7
STU0359,4,Final Period,36.5
STU0360,1,Pre-IT1,42.3
STU0360,2,IT1-to-IT2,67.5
STU0360,3,Pre-Final,62.1
STU0360,4,Final Period,58.2
STU0361,1,Pre-IT1,69.5
STU0361,2,IT1-to-IT2,49.1
STU0361,3,Pre-Final,76.9
STU0361,4,Final Period,70.1
STU0362,1,Pre-IT1,65.9
STU0362,2,IT1-to-IT2,83.6
STU0362,3,Pre-Final,82.7
STU0362,4,Final Period,80.0
STU0363,1,Pre-IT1,75.7
STU0363,2,IT1-to-IT2,80.3
STU0363,3,Pre-Final,59.0
STU0363,4,Final Period,81.3
STU0364,1,Pre-IT1,38.9
STU0364,2,IT1-to-IT2,68.3
STU0364,3,Pre-Final,40.8
STU0364,4,Final Period,43.7
STU0365,1,Pre-IT1,58.8
STU0365,2,IT1-to-IT2,54.3
STU0365,3,Pre-Final,56.1
STU0365,4,Final Period,33.0
STU0366,1,Pre-IT1,49.9
STU0366,2,IT1-to-IT2,39.5
STU0366,3,Pre-Final,51.1
STU0366,4,Final Period,40.0
STU0367,1,Pre-IT1,54.0
STU0367,2,IT1-to-IT2,48.0
STU0367,3,Pre-Final,30.8
STU0367,4,Final Period,46.2
STU0368,1,Pre-IT1,55.7
STU0368,2,IT1-to-IT2,35.9
STU0368,3,Pre-Final,37.1
STU0368,4,Final Period,46.6
STU0369,1,Pre-IT1,67.0
STU0369,2,IT1-to-IT2,56.6
STU0369,3,Pre-Final,37.0
STU0369,4,Final Period,47.0
STU0370,1,Pre-IT1,51.1
STU0370,2,IT1-to-IT2,56.6
STU0370,3,Pre-Final,51.3
STU0370,4,Final Period,62.7
STU0371,1,Pre-IT1,58.8
STU0371,2,IT1-to-IT2,56.0
STU0371,3,Pre-Final,52.3
STU0371,4,Final Period,47.2
STU0372,1,Pre-IT1,50.9
STU0372,2,IT1-to-IT2,60.3
STU0372,3,Pre-Final,61.7
STU0372,4,Final Period,61.9
STU0373,1,Pre-IT1,53.4
STU0373,2,IT1-to-IT2,62.6
STU0373,3,Pre-Final,72.5
STU0373,4,Final Period,60.6
STU0374,1,Pre-IT1,64.6
STU0374,2,IT1-to-IT2,29.1
STU0374,3,Pre-Final,42.7
STU0374,4,Final Period,52.5
STU0375,1,Pre-IT1,43.4
STU0375,2,IT1-to-IT2,56.7
STU0375,3,Pre-Final,50.2
STU0375,4,Final Period,45.5
STU0376,1,Pre-IT1,57.4
STU0376,2,IT1-to-IT2,53.5
STU0376,3,Pre-Final,42.3
STU0376,4,Final Period,36.6
STU0377,1,Pre-IT1,63.6
STU0377,2,IT1-to-IT2,64.4
STU0377,3,Pre-Final,49.4
STU0377,4,Final Period,43.5
STU0378,1,Pre-IT1,44.6
STU0378,2,IT1-to-IT2,26.2
STU0378,3,Pre-Final,51.4
STU0378,4,Final Period,55.8
STU0379,1,Pre-IT1,59.4
STU0379,2,IT1-to-IT2,49.7
STU0379,3,Pre-Final,52.7
STU0379,4,Final Period,57.4
STU0380,1,Pre-IT1,75.1
STU0380,2,IT1-to-IT2,75.3
STU0380,3,Pre-Final,62.0
STU0380,4,Final Period,100.0
STU0381,1,Pre-IT1,79.5
STU0381,2,IT1-to-IT2,86.8
STU0381,3,Pre-Final,62.8
STU0381,4,Final Period,90.8
STU0382,1,Pre-IT1,70.3
STU0382,2,IT1-to-IT2,58.7
STU0382,3,Pre-Final,57.5
STU0382,4,Final Period,54.5
STU0383,1,Pre-IT1,59.3
STU0383,2,IT1-to-IT2,28.8
STU0383,3,Pre-Final,56.8
STU0383,4,Final Period,68.4
STU0384,1,Pre-IT1,65.5
STU0384,2,IT1-to-IT2,58.2
STU0384,3,Pre-Final,83.7
STU0384,4,Final Period,58.8
STU0385,1,Pre-IT1,59.2
STU0385,2,IT1-to-IT2,71.2
STU0385,3,Pre-Final,35.7
STU0385,4,Final Period,53.7
STU0386,1,Pre-IT1,36.7
STU0386,2,IT1-to-IT2,4.5
STU0386,3,Pre-Final,25.1
STU0386,4,Final Period,23.7
STU0387,1,Pre-IT1,46.0
STU0387,2,IT1-to-IT2,32.2
STU0387,3,Pre-Final,55.4
STU0387,4,Final Period,36.5
STU0388,1,Pre-IT1,64.0
STU0388,2,IT1-to-IT2,42.0
STU0388,3,Pre-Final,69.4
STU0388,4,Final Period,48.0
STU0389,1,Pre-IT1,48.9
STU0389,2,IT1-to-IT2,36.2
STU0389,3,Pre-Final,53.9
STU0389,4,Final Period,53.4
STU0390,1,Pre-IT1,69.1
STU0390,2,IT1-to-IT2,68.3
STU0390,3,Pre-Final,81.8
STU0390,4,Final Period,79.7
STU0391,1,Pre-IT1,37.7
STU0391,2,IT1-to-IT2,32.1
STU0391,3,Pre-Final,55.7
STU0391,4,Final Period,49.4
STU0392,1,Pre-IT1,71.4
STU0392,2,IT1-to-IT2,65.9
STU0392,3,Pre-Final,39.5
STU0392,4,Final Period,78.1
STU0393,1,Pre-IT1,54.7
STU0393,2,IT1-to-IT2,59.7
STU0393,3,Pre-Final,49.8
STU0393,4,Final Period,60.0
STU0394,1,Pre-IT1,49.5
STU0394,2,IT1-to-IT2,21.3
STU0394,3,Pre-Final,42.4
STU0394,4,Final Period,58.9
STU0395,1,Pre-IT1,70.6
STU0395,2,IT1-to-IT2,80.1
STU0395,3,Pre-Final,68.3
STU0395,4,Final Period,91.4
STU0396,1,Pre-IT1,56.1
STU0396,2,IT1-to-IT2,72.5
STU0396,3,Pre-Final,59.4
STU0396,4,Final Period,80.0
STU0397,1,Pre-IT1,54.1
STU0397,2,IT1-to-IT2,14.8
STU0397,3,Pre-Final,43.6
STU0397,4,Final Period,56.8
STU0398,1,Pre-IT1,40.4
STU0398,2,IT1-to-IT2,55.7
STU0398,3,Pre-Final,45.7
STU0398,4,Final Period,70.6
STU0399,1,Pre-IT1,54.4
STU0399,2,IT1-to-IT2,55.4
STU0399,3,Pre-Final,61.8
STU0399,4,Final Period,55.6
STU0400,1,Pre-IT1,43.1
STU0400,2,IT1-to-IT2,27.6
STU0400,3,Pre-Final,63.5
STU0400,4,Final Period,44.5
STU0401,1,Pre-IT1,48.6
STU0401,2,IT1-to-IT2,65.7
STU0401,3,Pre-Final,60.0
STU0401,4,Final Period,66.4
STU0402,1,Pre-IT1,55.4
STU0402,2,IT1-to-IT2,47.0
STU0402,3,Pre-Final,48.4
STU0402,4,Final Period,62.9
STU0403,1,Pre-IT1,52.6
STU0403,2,IT1-to-IT2,8.8
STU0403,3,Pre-Final,31.8
STU0403,4,Final Period,44.5
STU0404,1,Pre-IT1,71.0
STU0404,2,IT1-to-IT2,57.6
STU0404,3,Pre-Final,70.6
STU0404,4,Final Period,31.2
STU0405,1,Pre-IT1,65.3
STU0405,2,IT1-to-IT2,79.7
STU0405,3,Pre-Final,61.5
STU0405,4,Final Period,58.8
STU0406,1,Pre-IT1,53.5
STU0406,2,IT1-to-IT2,11.2
STU0406,3,Pre-Final,53.9
STU0406,4,Final Period,56.2
STU0407,1,Pre-IT1,55.3
STU0407,2,IT1-to-IT2,47.2
STU0407,3,Pre-Final,45.5
STU0407,4,Final Period,56.1
STU0408,1,Pre-IT1,49.2
STU0408,2,IT1-to-IT2,43.7
STU0408,3,Pre-Final,53.2
STU0408,4,Final Period,52.6
STU0409,1,Pre-IT1,56.4
STU0409,2,IT1-to-IT2,57.9
STU0409,3,Pre-Final,45.9
STU0409,4,Final Period,51.2
STU0410,1,Pre-IT1,62.4
STU0410,2,IT1-to-IT2,50.5
STU0410,3,Pre-Final,62.2
STU0410,4,Final Period,62.8
STU0411,1,Pre-IT1,53.8
STU0411,2,IT1-to-IT2,51.4
STU0411,3,Pre-Final,67.3
STU0411,4,Final Period,66.6
STU0412,1,Pre-IT1,65.0
STU0412,2,IT1-to-IT2,59.0
STU0412,3,Pre-Final,61.1
STU0412,4,Final Period,66.8
STU0413,1,Pre-IT1,30.8
STU0413,2,IT1-to-IT2,8.1
STU0413,3,Pre-Final,22.7
STU0413,4,Final Period,38.0
STU0414,1,Pre-IT1,59.6
STU0414,2,IT1-to-IT2,45.5
STU0414,3,Pre-Final,50.4
STU0414,4,Final Period,48.7
STU0415,1,Pre-IT1,34.6
STU0415,2,IT1-to-IT2,27.9
STU0415,3,Pre-Final,30.9
STU0415,4,Final Period,29.9
STU0416,1,Pre-IT1,24.9
STU0416,2,IT1-to-IT2,17.1
STU0416,3,Pre-Final,29.1
STU0416,4,Final Period,47.2
STU0417,1,Pre-IT1,88.8
STU0417,2,IT1-to-IT2,71.9
STU0417,3,Pre-Final,58.1
STU0417,4,Final Period,79.0
STU0418,1,Pre-IT1,45.4
STU0418,2,IT1-to-IT2,61.0
STU0418,3,Pre-Final,55.7
STU0418,4,Final Period,60.1
STU0419,1,Pre-IT1,81.0
STU0419,2,IT1-to-IT2,69.7
STU0419,3,Pre-Final,78.5
STU0419,4,Final Period,99.9
STU0420,1,Pre-IT1,56.9
STU0420,2,IT1-to-IT2,60.0
STU0420,3,Pre-Final,67.1
STU0420,4,Final Period,56.7
STU0421,1,Pre-IT1,31.1
STU0421,2,IT1-to-IT2,59.2
STU0421,3,Pre-Final,50.5
STU0421,4,Final Period,74.5
STU0422,1,Pre-IT1,63.8
STU0422,2,IT1-to-IT2,58.6
STU0422,3,Pre-Final,71.5
STU0422,4,Final Period,63.6
STU0423,1,Pre-IT1,61.3
STU0423,2,IT1-to-IT2,56.2
STU0423,3,Pre-Final,53.3
STU0423,4,Final Period,61.7
STU0424,1,Pre-IT1,56.7
STU0424,2,IT1-to-IT2,55.9
STU0424,3,Pre-Final,62.8
STU0424,4,Final Period,55.4
STU0425,1,Pre-IT1,60.4
STU0425,2,IT1-to-IT2,58.6
STU0425,3,Pre-Final,55.9
STU0425,4,Final Period,42.9
STU0426,1,Pre-IT1,50.6
STU0426,2,IT1-to-IT2,62.8
STU0426,3,Pre-Final,76.6
STU0426,4,Final Period,60.1
STU0427,1,Pre-IT1,45.9
STU0427,2,IT1-to-IT2,49.5
STU0427,3,Pre-Final,57.4
STU0427,4,Final Period,46.3
STU0428,1,Pre-IT1,48.8
STU0428,2,IT1-to-IT2,45.4
STU0428,3,Pre-Final,71.4
STU0428,4,Final Period,63.8
STU0429,1,Pre-IT1,46.7
STU0429,2,IT1-to-IT2,51.5
STU0429,3,Pre-Final,39.2
STU0429,4,Final Period,60.2
STU0430,1,Pre-IT1,71.5
STU0430,2,IT1-to-IT2,44.9
STU0430,3,Pre-Final,69.1
STU0430,4,Final Period,69.8
STU0431,1,Pre-IT1,83.1
STU0431,2,IT1-to-IT2,70.0
STU0431,3,Pre-Final,71.8
STU0431,4,Final Period,78.2
STU0432,1,Pre-IT1,47.2
STU0432,2,IT1-to-IT2,21.6
STU0432,3,Pre-Final,46.3
STU0432,4,Final Period,44.0
STU0433,1,Pre-IT1,48.1
STU0433,2,IT1-to-IT2,33.7
STU0433,3,Pre-Final,55.2
STU0433,4,Final Period,39.8
STU0434,1,Pre-IT1,13.0
STU0434,2,IT1-to-IT2,0.0
STU0434,3,Pre-Final,26.3
STU0434,4,Final Period,32.3
STU0435,1,Pre-IT1,45.0
STU0435,2,IT1-to-IT2,37.4
STU0435,3,Pre-Final,45.0
STU0435,4,Final Period,49.2
STU0436,1,Pre-IT1,64.1
STU0436,2,IT1-to-IT2,59.1
STU0436,3,Pre-Final,57.1
STU0436,4,Final Period,68.5
STU0437,1,Pre-IT1,50.1
STU0437,2,IT1-to-IT2,14.6
STU0437,3,Pre-Final,52.3
STU0437,4,Final Period,37.5
STU0438,1,Pre-IT1,42.8
STU0438,2,IT1-to-IT2,63.0
STU0438,3,Pre-Final,57.3
STU0438,4,Final Period,63.9
STU0439,1,Pre-IT1,28.4
STU0439,2,IT1-to-IT2,6.5
STU0439,3,Pre-Final,32.9
STU0439,4,Final Period,31.0
STU0440,1,Pre-IT1,64.6
STU0440,2,IT1-to-IT2,62.1
STU0440,3,Pre-Final,75.3
STU0440,4,Final Period,60.0
STU0441,1,Pre-IT1,39.0
STU0441,2,IT1-to-IT2,61.5
STU0441,3,Pre-Final,53.3
STU0441,4,Final Period,56.0
STU0442,1,Pre-IT1,70.4
STU0442,2,IT1-to-IT2,62.8
STU0442,3,Pre-Final,76.5
STU0442,4,Final Period,78.7
STU0443,1,Pre-IT1,49.4
STU0443,2,IT1-to-IT2,65.3
STU0443,3,Pre-Final,61.9
STU0443,4,Final Period,45.7
STU0444,1,Pre-IT1,68.3
STU0444,2,IT1-to-IT2,64.3
STU0444,3,Pre-Final,40.5
STU0444,4,Final Period,60.2
STU0445,1,Pre-IT1,77.0
STU0445,2,IT1-to-IT2,49.5
STU0445,3,Pre-Final,57.8
STU0445,4,Final Period,64.8
STU0446,1,Pre-IT1,57.5
STU0446,2,IT1-to-IT2,64.5
STU0446,3,Pre-Final,58.6
STU0446,4,Final Period,70.0
STU0447,1,Pre-IT1,50.9
STU0447,2,IT1-to-IT2,72.0
STU0447,3,Pre-Final,66.1
STU0447,4,Final Period,58.9
STU0448,1,Pre-IT1,52.5
STU0448,2,IT1-to-IT2,67.6
STU0448,3,Pre-Final,49.9
STU0448,4,Final Period,59.8
STU0449,1,Pre-IT1,77.0
STU0449,2,IT1-to-IT2,100.0
STU0449,3,Pre-Final,74.9
STU0449,4,Final Period,95.3
STU0450,1,Pre-IT1,46.5
STU0450,2,IT1-to-IT2,34.1
STU0450,3,Pre-Final,41.0
STU0450,4,Final Period,31.7
STU0451,1,Pre-IT1,63.4
STU0451,2,IT1-to-IT2,68.8
STU0451,3,Pre-Final,50.6
STU0451,4,Final Period,50.2
STU0452,1,Pre-IT1,80.9
STU0452,2,IT1-to-IT2,76.6
STU0452,3,Pre-Final,87.7
STU0452,4,Final Period,83.9
STU0453,1,Pre-IT1,47.6
STU0453,2,IT1-to-IT2,50.6
STU0453,3,Pre-Final,41.4
STU0453,4,Final Period,45.3
STU0454,1,Pre-IT1,64.6
STU0454,2,IT1-to-IT2,79.6
STU0454,3,Pre-Final,73.1
STU0454,4,Final Period,55.9
STU0455,1,Pre-IT1,24.0
STU0455,2,IT1-to-IT2,35.6
STU0455,3,Pre-Final,27.6
STU0455,4,Final Period,39.1
STU0456,1,Pre-IT1,69.2
STU0456,2,IT1-to-IT2,65.6
STU0456,3,Pre-Final,70.8
STU0456,4,Final Period,87.4
STU0457,1,Pre-IT1,62.8
STU0457,2,IT1-to-IT2,71.9
STU0457,3,Pre-Final,57.2
STU0457,4,Final Period,86.4
STU0458,1,Pre-IT1,59.1
STU0458,2,IT1-to-IT2,60.1
STU0458,3,Pre-Final,76.1
STU0458,4,Final Period,43.5
STU0459,1,Pre-IT1,66.7
STU0459,2,IT1-to-IT2,56.6
STU0459,3,Pre-Final,62.1
STU0459,4,Final Period,36.4
STU0460,1,Pre-IT1,43.6
STU0460,2,IT1-to-IT2,45.8
STU0460,3,Pre-Final,57.8
STU0460,4,Final Period,58.1
STU0461,1,Pre-IT1,63.9
STU0461,2,IT1-to-IT2,67.3
STU0461,3,Pre-Final,42.8
STU0461,4,Final Period,56.5
STU0462,1,Pre-IT1,49.1
STU0462,2,IT1-to-IT2,52.5
STU0462,3,Pre-Final,58.4
STU0462,4,Final Period,44.8
STU0463,1,Pre-IT1,66.5
STU0463,2,IT1-to-IT2,48.2
STU0463,3,Pre-Final,53.2
STU0463,4,Final Period,61.9
STU0464,1,Pre-IT1,52.4
STU0464,2,IT1-to-IT2,56.9
STU0464,3,Pre-Final,67.9
STU0464,4,Final Period,61.4
STU0465,1,Pre-IT1,55.2
STU0465,2,IT1-to-IT2,60.0
STU0465,3,Pre-Final,71.2
STU0465,4,Final Period,52.6
STU0466,1,Pre-IT1,46.5
STU0466,2,IT1-to-IT2,70.8
STU0466,3,Pre-Final,75.5
STU0466,4,Final Period,73.7
STU0467,1,Pre-IT1,29.9
STU0467,2,IT1-to-IT2,61.1
STU0467,3,Pre-Final,51.7
STU0467,4,Final Period,48.0
STU0468,1,Pre-IT1,58.0
STU0468,2,IT1-to-IT2,38.9
STU0468,3,Pre-Final,53.4
STU0468,4,Final Period,42.0
STU0469,1,Pre-IT1,52.6
STU0469,2,IT1-to-IT2,57.8
STU0469,3,Pre-Final,69.9
STU0469,4,Final Period,66.7
STU0470,1,Pre-IT1,50.3
STU0470,2,IT1-to-IT2,71.9
STU0470,3,Pre-Final,50.9
STU0470,4,Final Period,55.7
STU0471,1,Pre-IT1,59.0
STU0471,2,IT1-to-IT2,50.8
STU0471,3,Pre-Final,62.0
STU0471,4,Final Period,48.8
STU0472,1,Pre-IT1,23.8
STU0472,2,IT1-to-IT2,32.5
STU0472,3,Pre-Final,16.5
STU0472,4,Final Period,31.3
STU0473,1,Pre-IT1,58.0
STU0473,2,IT1-to-IT2,59.4
STU0473,3,Pre-Final,67.3
STU0473,4,Final Period,59.1
STU0474,1,Pre-IT1,82.8
STU0474,2,IT1-to-IT2,75.4
STU0474,3,Pre-Final,67.4
STU0474,4,Final Period,79.1
STU0475,1,Pre-IT1,58.0
STU0475,2,IT1-to-IT2,55.2
STU0475,3,Pre-Final,48.9
STU0475,4,Final Period,57.7
STU0476,1,Pre-IT1,81.4
STU0476,2,IT1-to-IT2,74.4
STU0476,3,Pre-Final,56.4
STU0476,4,Final Period,80.0
STU0477,1,Pre-IT1,36.9
STU0477,2,IT1-to-IT2,58.8
STU0477,3,Pre-Final,68.4
STU0477,4,Final Period,54.4
STU0478,1,Pre-IT1,16.7
STU0478,2,IT1-to-IT2,25.6
STU0478,3,Pre-Final,50.9
STU0478,4,Final Period,54.4
STU0479,1,Pre-IT1,25.0
STU0479,2,IT1-to-IT2,24.0
STU0479,3,Pre-Final,45.7
STU0479,4,Final Period,41.2
STU0480,1,Pre-IT1,62.0
STU0480,2,IT1-to-IT2,36.7
STU0480,3,Pre-Final,56.7
STU0480,4,Final Period,53.1
STU0481,1,Pre-IT1,58.1
STU0481,2,IT1-to-IT2,69.2
STU0481,3,Pre-Final,49.3
STU0481,4,Final Period,57.0
STU0482,1,Pre-IT1,56.2
STU0482,2,IT1-to-IT2,63.5
STU0482,3,Pre-Final,43.1
STU0482,4,Final Period,66.0
STU0483,1,Pre-IT1,68.9
STU0483,2,IT1-to-IT2,76.0
STU0483,3,Pre-Final,58.6
STU0483,4,Final Period,67.8
STU0484,1,Pre-IT1,62.1
STU0484,2,IT1-to-IT2,39.0
STU0484,3,Pre-Final,53.7
STU0484,4,Final Period,62.0
STU0485,1,Pre-IT1,44.3
STU0485,2,IT1-to-IT2,45.3
STU0485,3,Pre-Final,63.7
STU0485,4,Final Period,50.7
STU0486,1,Pre-IT1,42.4
STU0486,2,IT1-to-IT2,65.7
STU0486,3,Pre-Final,61.4
STU0486,4,Final Period,63.6
STU0487,1,Pre-IT1,63.2
STU0487,2,IT1-to-IT2,79.4
STU0487,3,Pre-Final,94.5
STU0487,4,Final Period,75.0
STU0488,1,Pre-IT1,73.5
STU0488,2,IT1-to-IT2,52.7
STU0488,3,Pre-Final,69.4
STU0488,4,Final Period,67.0
STU0489,1,Pre-IT1,56.9
STU0489,2,IT1-to-IT2,66.5
STU0489,3,Pre-Final,55.4
STU0489,4,Final Period,66.4
STU0490,1,Pre-IT1,61.4
STU0490,2,IT1-to-IT2,54.1
STU0490,3,Pre-Final,75.7
STU0490,4,Final Period,62.6
STU0491,1,Pre-IT1,65.8
STU0491,2,IT1-to-IT2,78.9
STU0491,3,Pre-Final,57.9
STU0491,4,Final Period,68.0
STU0492,1,Pre-IT1,35.4
STU0492,2,IT1-to-IT2,40.7
STU0492,3,Pre-Final,58.2
STU0492,4,Final Period,50.7
STU0493,1,Pre-IT1,51.2
STU0493,2,IT1-to-IT2,53.3
STU0493,3,Pre-Final,85.9
STU0493,4,Final Period,65.1
STU0494,1,Pre-IT1,77.7
STU0494,2,IT1-to-IT2,61.3
STU0494,3,Pre-Final,65.5
STU0494,4,Final Period,70.7
STU0495,1,Pre-IT1,41.9
STU0495,2,IT1-to-IT2,67.9
STU0495,3,Pre-Final,67.7
STU0495,4,Final Period,54.1
STU0496,1,Pre-IT1,69.8
STU0496,2,IT1-to-IT2,78.1
STU0496,3,Pre-Final,64.2
STU0496,4,Final Period,73.5
STU0497,1,Pre-IT1,45.3
STU0497,2,IT1-to-IT2,28.3
STU0497,3,Pre-Final,22.7
STU0497,4,Final Period,45.4
STU0498,1,Pre-IT1,66.4
STU0498,2,IT1-to-IT2,47.1
STU0498,3,Pre-Final,61.2
STU0498,4,Final Period,57.0
STU0499,1,Pre-IT1,34.6
STU0499,2,IT1-to-IT2,27.1
STU0499,3,Pre-Final,27.4
STU0499,4,Final Period,47.7
STU0500,1,Pre-IT1,59.2
STU0500,2,IT1-to-IT2,83.9
STU0500,3,Pre-Final,89.9
STU0500,4,Final Period,80.2
